Pair,Session,Interlocutor,Initial time,Transcription,Joint decision,Transcriber
Pair22,1,A,(0:00:31.4),"Altså jeg gætter på, at til at starte med, så må det være ud fra gæt. For vi har ikke noget andet at gå ud fra.",1,RebekkaR
Pair22,1,B,(0:00:38.0),Nej. Vi ved jo ikke noget (?).,1,RebekkaR
Pair22,1,A,(0:00:41.5),"Skal vi ikke bare gå ud fra, at de simpelthen er venlige til at starte med, og så må vi tage de- vi har ikke noget at miste, kan man sige.",1,RebekkaR
Pair22,1,B,(0:00:48.4),"Nej men det er jo også det. Vi så jo nogle der med pletter og sådan noget - jeg ved ikke, om man kan tage ud fra det...",1,RebekkaR
Pair22,1,A,(0:00:52.7),"Næh og slet ikke fordi de kommer jo til- fra næste runde - så er det jo fuldstændig nye igen. Så jeg tror ikke der er noget, på den måde, system i det - at man kan se det på dem.",1,RebekkaR
Pair22,1,B,(0:01:02.9),Nej. Det tror jeg heller ikke.,1,RebekkaR
Pair22,1,A,(0:01:04.6),"Skal vi starte med at gå ud fra, at de er gode indtil vi ved noget andet?",1,RebekkaR
Pair22,1,B,(0:01:07.1),"Ja, det synes jeg.",1,RebekkaR
Pair22,1,A,(0:01:14.0),Igen? Eller hvad?,2,RebekkaR
Pair22,1,B,(0:01:15.4),"Ja den har jo så en anden farve, men det kan vi jo heller ikke...",2,RebekkaR
Pair22,1,A,(0:01:18.0),"Ja, men der er jo 96 forskellige, så det er jo...",2,RebekkaR
Pair22,1,B,(0:01:20.7),Præcis.,2,RebekkaR
Pair22,1,A,(0:01:30.6),Nå. Var den ikke den samme?,4,RebekkaR
Pair22,1,B,(0:01:36.1),Dén der - var den venlig før?,4,RebekkaR
Pair22,1,A,(0:01:38.0),Ja. Vi er jo nødt til bare at gætte.,4,RebekkaR
Pair22,1,B,(0:01:48.1),"Ja, det er jo det. Skal vi bare tage et tal?",4,RebekkaR
Pair22,1,A,(0:01:53.9),Skal vi dræbe ham?,4,RebekkaR
Pair22,1,B,(0:01:54.7),Tager du 2 igen?,4,RebekkaR
Pair22,1,B,(0:02:03.0),Se nu har den så pletter.,5,RebekkaR
Pair22,1,A,(0:02:04.3),"Skal vi kill og tappe? Fordi han ligner ham, der var før. Men der er noget anderledes ved ham.",5,RebekkaR
Pair22,1,B,(0:02:08.8),"Ja, det er jo det. Så er det jo nok en ny - i hvert fald ikke den samme.",5,RebekkaR
Pair22,1,A,(0:02:13.5),Skal vi prøve?,5,RebekkaR
Pair22,1,B,(0:02:14.3),"Med 4'eren, ja.",5,RebekkaR
Pair22,1,B,(0:02:24.7),Det er jo en grøn-,6,RebekkaR
Pair22,1,A,(0:02:25.8),"Den første grønne, den var...",6,RebekkaR
Pair22,1,B,(0:02:26.8),To.,6,RebekkaR
Pair22,1,A,(0:02:29.2),Den første vi brugte det var en 1'er.,6,RebekkaR
Pair22,1,B,(0:02:31.2),Var den første grønne 1? Gav du den ikke 2?,6,RebekkaR
Pair22,1,A,(0:02:34.5),Nej den aller første det var en 1'er.,6,RebekkaR
Pair22,1,B,(0:02:36.9),Okay.,6,RebekkaR
Pair22,1,A,(0:02:37.9),"Det var dem, der var neutrale, ikke?",6,RebekkaR
Pair22,1,B,(0:02:39.6),Jo dem skulle vi bare ignore.,6,RebekkaR
Pair22,1,A,(0:02:41.0),"Ja. Skal vi prøve at ignore den samme, fordi den er grøn?",6,RebekkaR
Pair22,1,B,(0:02:51.4),Den er blå.,7,RebekkaR
Pair22,1,A,(0:02:52.3),"Det var en 2'er sidst. De blå. Det var der, hvor jeg trykkede 4, hvor det var forkert.",7,RebekkaR
Pair22,1,B,(0:03:00.5),Og den har heller ikke nogle pletter. Så skal vi gå med 2 igen?,7,RebekkaR
Pair22,1,A,(0:03:04.5),Vi prøver.,7,RebekkaR
Pair22,1,A,(0:03:10.2),Den er også blå. Men den har (?noget andet?),8,RebekkaR
Pair22,1,B,(0:03:13.2),Om den først skal dræbes og så - eller.,8,RebekkaR
Pair22,1,A,(0:03:15.3),Skal vi prøve en 4'er?,8,RebekkaR
Pair22,1,B,(0:03:17.2),Prøv.,8,RebekkaR
Pair22,1,B,(0:03:26.2),Der har den så fået pletter i forhold til før. Så den kan vi ikke- om den skal dræbes helt...,9,RebekkaR
Pair22,1,A,(0:03:31.9),Den ser også ond ud. Den anden den var venlig at se på.,9,RebekkaR
Pair22,1,B,(0:03:35.2),Skal vi prøve at tage 3'eren?,9,RebekkaR
Pair22,1,A,(0:03:36.3),Skal vi prøve at dræbe en?,9,RebekkaR
Pair22,1,B,(0:03:43.3),Det var den grønne.,10,RebekkaR
Pair22,1,A,(0:03:45.0),"Den var en 1'er før. Men jeg kan ikke huske, om den så sådan der ud.",10,RebekkaR
Pair22,1,B,(0:03:55.5),Dén der. Den har ikke noget. Skal vi tage sådan en 4'er? Først dræbe og så...,11,RebekkaR
Pair22,1,A,(0:03:59.1),Skal vi tage sådan en?,11,RebekkaR
Pair22,1,B,(0:03:59.4),Ja.,11,RebekkaR
Pair22,1,B,(0:04:15.4),Armene oppe.,12,RebekkaR
Pair22,1,A,(0:04:16.3),"Er vi enige om, at det er 96 helt forskellige, der kommer?",12,RebekkaR
Pair22,1,B,(0:04:19.4),"Ja, sådan har jeg også forstået det.",12,RebekkaR
Pair22,1,A,(0:04:21.9),Så er det jo bare... Gæt. Vi kan jo ikke regne det ud.,12,RebekkaR
Pair22,1,B,(0:04:27.5),Skal vi dræbe? Og så...,12,RebekkaR
Pair22,1,A,(0:04:38.4),Det ligner en 1'er.,13,RebekkaR
Pair22,1,B,(0:04:40.2),"En, vi bare kan ignorere. Ja for den har pletterne. Prøv.",13,RebekkaR
Pair22,1,A,(0:04:45.7),Har du et system?,13,RebekkaR
Pair22,1,B,(0:04:46.9),Næh.,13,RebekkaR
Pair22,1,B,(0:04:52.5),De der blå- er det nogle...?,14,RebekkaR
Pair22,1,A,(0:04:56.1),"Jeg tror altså ikke der er noget system i det med de farver der, for der er nogle af dem, der er det ene og det andet. Der er kun 2 farver, ikke?",14,RebekkaR
Pair22,1,B,(0:05:02.6),Mmm. Tror du så ikke man kan finde noget med pletter og arme?,14,RebekkaR
Pair22,1,A,(0:05:07.0),"Altså der er fire forskellige elementer. Der er farven og der er pletter - med og uden pletter, og så er der armene oppe og armene nede, og så er der ondt og godt udseende.",14,RebekkaR
Pair22,1,B,(0:05:18.3),Ja som med munden dér.,14,RebekkaR
Pair22,1,A,(0:05:19.9),"Ja, altså den er jo glad, dén her. Og så er der en, der ser sur ud, der har mange tænder.",14,RebekkaR
Pair22,1,B,(0:05:26.5),Mmm. Det er jo det. Hvad kan dén der? Er vi ovre i 3 eller 4 så?,14,RebekkaR
Pair22,1,A,(0:05:36.6),Jeg tager en 3'er.,14,RebekkaR
Pair22,1,B,(0:05:37.5),Ja så prøv det.,14,RebekkaR
Pair22,1,A,(0:05:38.3),"Nej den, der var der før, det var en 3'er. Der kommer ikke to 3'ere i træk.",14,RebekkaR
Pair22,1,B,(0:05:41.5),Så 4.,14,RebekkaR
Pair22,1,A,(0:05:42.0),Vi tager en 4'er.,14,RebekkaR
Pair22,1,A,(0:05:48.9),"Se det er den samme, bare med vrede øjne.",15,RebekkaR
Pair22,1,B,(0:05:51.1),"Ja det er selvfølgelig rigtigt. Så kan vi ikke ignorere ham. Hvis det var det, vi gjorde før.",15,RebekkaR
Pair22,1,A,(0:05:59.9),Skal vi slå ham ihjel?,15,RebekkaR
Pair22,1,B,(0:06:00.8),"Det kan være, han skal have en 4'er.",15,RebekkaR
Pair22,1,A,(0:06:01.2),Skal han have en 4'er?,15,RebekkaR
Pair22,1,A,(0:06:07.7),"Se han er stærk! Og ser sur ud. Så må han være en 4'er. Nu har vi prøvet tre, der havde dén mund og dén farve og pletter. Og ingen af dem var en 4'er. Så må ham her være en 4'er, ikke?",16,RebekkaR
Pair22,1,B,(0:06:18.4),Jo for han havde også styrke.,16,RebekkaR
Pair22,1,A,(0:06:25.8),"Og dén der er magen til, den har bare glade øjne og er grøn.",17,RebekkaR
Pair22,1,B,(0:06:29.1),Ja. Det er jo dén der - tror du ikke vi enten er 1'er eller 2'er?,17,RebekkaR
Pair22,1,A,(0:06:35.8),"Jeg ved det ikke. Hvad for en skal vi tage? 2'er? Er det ikke lang tid siden, der har været en tap?",17,RebekkaR
Pair22,1,B,(0:06:41.6),Jo.,17,RebekkaR
Pair22,1,B,(0:06:54.3),(?) øjnene. Om den bare skal dræbes helt?,18,RebekkaR
Pair22,1,A,(0:06:58.3),Kill him.,18,RebekkaR
Pair22,1,B,(0:07:06.0),"Hvad var det, vi gav den der med pletter før? Den gav vi 2.",19,RebekkaR
Pair22,1,A,(0:07:10.1),Ja.,19,RebekkaR
Pair22,1,B,(0:07:12.7),"Den ser lige sådan ud, bare uden pletter, ikke?",19,RebekkaR
Pair22,1,A,(0:07:15.2),Jo.,19,RebekkaR
Pair22,1,B,(0:07:19.0),Så tror du ikke så vi er ovre her? I 1 eller 2?,19,RebekkaR
Pair22,1,A,(0:07:26.0),Skal vi tage en 1'er denne her gang så?,19,RebekkaR
Pair22,1,B,(0:07:27.3),"Ja, for den ser lidt anderledes ud.",19,RebekkaR
Pair22,1,A,(0:07:35.0),Han er sur.,20,RebekkaR
Pair22,1,B,(0:07:35.3),Skal den ikke bare dræbes? Eller skal man tappe ham?,20,RebekkaR
Pair22,1,A,(0:07:37.2),"Slå ham ihjel? Eller skal vi tappe ham først? Eller, bagefter. 3 eller 4.",20,RebekkaR
Pair22,1,B,(0:07:43.2),Hva' så han ikke lidt anderledes ud? Men det gjorde den der grønne jo også. Om det så er en 3'er igen...,20,RebekkaR
Pair22,1,A,(0:07:49.1),3 eller 4. Jeg tager en 4'er.,20,RebekkaR
Pair22,1,B,(0:07:51.6),Så prøver vi 4'eren.,20,RebekkaR
Pair22,1,A,(0:08:11.2),... Jeg tror faktisk ikke der er noget system i det.,21,RebekkaR
Pair22,1,B,(0:08:12.4),Det er det; om vi bruger for lang tid på at sidde at diskutere.,21,RebekkaR
Pair22,1,A,(0:08:14.1),"Det er også det, jeg tænker.",21,RebekkaR
Pair22,1,B,(0:08:17.2),Om det er bare at prøve. Sådan lidt forskelligt.,21,RebekkaR
Pair22,1,A,(0:08:19.7),"Ja. Så øh, skal vi lade den køre på intuition? Så skiftes vi i de der tre runder, der er. Så kører jeg den nu på intuition, så tager du den næste og så kan vi samarbejde om den sidste, eller et eller andet.",21,RebekkaR
Pair22,1,B,(0:08:32.8),"Ja, men, ja... Vi kan også prøve lidt at snakke, men ikke for meget, så går det hurtigere.",21,RebekkaR
Pair22,1,A,(0:08:36.6),"Det kan vi også. Jeg har bare ikke noget at sige til dem, for jeg tror faktisk ikke der er noget system i det.",21,RebekkaR
Pair22,1,B,(0:08:43.1),Nej. Skal vi prøve at sige 3?,21,RebekkaR
Pair22,1,A,(0:08:53.8),Han får en 2'er.,22,RebekkaR
Pair22,1,B,(0:09:01.9),Han er en 2'er.,23,RebekkaR
Pair22,1,A,(0:09:08.5),Han får en 2'er.,23,RebekkaR
Pair22,1,A,(0:09:14.1),Det er en 3'er.,24,RebekkaR
Pair22,1,B,(0:09:17.3),Jo.,24,RebekkaR
Pair22,1,B,(0:09:24.0),Dén der...,25,RebekkaR
Pair22,1,A,(0:09:26.2),Han er en 3'er.,25,RebekkaR
Pair22,1,B,(0:09:26.5),Han havde jo armene oppe og øjnene. Om man først skal skyde ham og så tappe ham...?,25,RebekkaR
Pair22,1,A,(0:09:35.4),Tror du han har nogle ordentlige resources i de arme dér? Skal vi se?,25,RebekkaR
Pair22,1,B,(0:09:38.7),Vi skal prøve.,25,RebekkaR
Pair22,1,B,(0:09:47.3),"Tror du, det er armene, vi skal kigge på?",26,RebekkaR
Pair22,1,A,(0:09:50.8),"Næh. Men jeg tror han skal ignoreres, ham der. Er du med?",26,RebekkaR
Pair22,1,B,(0:09:57.1),"Ja, det har vi jo ikke gjort så godt... Ja.",26,RebekkaR
Pair22,1,A,(0:10:05.2),"Tror du også det er en 1'er, eller en 2'er?",27,RebekkaR
Pair22,1,B,(0:10:09.6),"Hmm. Ja, skal vi ikke sige 1'er igen?",27,RebekkaR
Pair22,1,B,(0:10:29.2),Er vi ude i 3 eller 4 nu?,28,RebekkaR
Pair22,1,A,(0:10:31.7),Skal vi tage en 3'er igen? (?) før det var en 3'er.,28,RebekkaR
Pair22,1,B,(0:10:37.4),"Ja, prøv det.",28,RebekkaR
Pair22,1,A,(0:10:46.2),Jeg synes vi har haft dén der før. Og jeg tror det er en 1'er eller en 2'er.,29,RebekkaR
Pair22,1,B,(0:10:51.0),Ja... Ja dit gæt er jo lige så godt som mit.,29,RebekkaR
Pair22,1,A,(0:11:02.3),Hvad tror du?,29,RebekkaR
Pair22,1,B,(0:11:06.9),Havde vi haft den før?,29,RebekkaR
Pair22,1,A,(0:11:07.7),Det tror jeg.,29,RebekkaR
Pair22,1,B,(0:11:08.8),Var det en 2'er der? Hvis du kan huske det.,29,RebekkaR
Pair22,1,A,(0:11:11.7),Jamen det tror jeg. Jeg er ikke sikker.,29,RebekkaR
Pair22,1,B,(0:11:12.7),Så prøv 2'eren.,29,RebekkaR
Pair22,1,B,(0:11:20.3),"Det kan godt være vi skal prøve måske at- jeg ved ikke, om vi skal gøre sådan, at du tager nogle, og prøver sådan... Om vi så kommer hurtigere igennem. Eller om det bliver for meget snak.",30,RebekkaR
Pair22,1,A,(0:11:31.5),Ja. Jeg tror der er lidt for meget snak.,30,RebekkaR
Pair22,1,B,(0:11:33.8),"Ja for vi ved jo ikke, om det er 1 eller 2.",30,RebekkaR
Pair22,1,A,(0:11:35.4),Nej.,30,RebekkaR
Pair22,1,B,(0:11:39.3),Så prøv du at køre lidt med din intuition.,30,RebekkaR
Pair22,1,A,(0:11:41.6),Så kører jeg ren intuition nu.,30,RebekkaR
Pair22,1,B,(0:11:42.8),"Jaja, vi kan prøve at se, om det virker.",30,RebekkaR
Pair22,1,B,(0:11:55.7),"Vil du så sige, hvad du trykker?",33,RebekkaR
Pair22,1,A,(0:11:56.3),Når - det var en 2'er og en 1'er. Og så tager jeg en 3'er.,33,RebekkaR
Pair22,1,A,(0:12:06.2),Så tager jeg en 1'er.,34,RebekkaR
Pair22,1,A,(0:12:14.1),Og en 4'er.,35,RebekkaR
Pair22,1,A,(0:12:20.8),Og en 4'er.,36,RebekkaR
Pair22,1,B,(0:12:28.7),"Den havde så ikke pletter. Ellers var den ens, var den ikke?",37,RebekkaR
Pair22,1,A,(0:12:31.6),Jo. Jeg tager en 4'er igen.,37,RebekkaR
Pair22,1,A,(0:12:42.5),"Det var den, vi havde før.",38,RebekkaR
Pair22,1,B,(0:12:45.0),Var det en 2'er der?,38,RebekkaR
Pair22,1,A,(0:12:45.5),Medmindre han havde nogle andre øjne. Han bliver en 2'er.,38,RebekkaR
Pair22,1,A,(0:12:51.8),Jeg tager en 1'er.,39,RebekkaR
Pair22,1,A,(0:12:56.8),Og en... 1'er igen.,40,RebekkaR
Pair22,1,A,(0:13:04.3),Og en 3'er.,41,RebekkaR
Pair22,1,A,(0:13:12.9),Og en 3'er.,42,RebekkaR
Pair22,1,A,(0:13:19.0),Og en 3'er.,43,RebekkaR
Pair22,1,A,(0:13:28.7),Det er en 2'er.,44,RebekkaR
Pair22,1,B,(0:13:37.3),"Den har bare ændret farve, ikke?",45,RebekkaR
Pair22,1,A,(0:13:38.5),Fire.,45,RebekkaR
Pair22,1,A,(0:13:46.3),Det er en 1'er.,46,RebekkaR
Pair22,1,B,(0:13:50.9),Er du ved at have fundet et system?,47,RebekkaR
Pair22,1,A,(0:13:52.7),"Nej, jeg har ikke noget system. Nej, det er ren intuition.",47,RebekkaR
Pair22,1,B,(0:13:57.5),"Det er jo også det, man ikke kan, tror jeg.",47,RebekkaR
Pair22,1,A,(0:13:59.7),"Jeg tror heller ikke, der er noget system i det. Men jeg tror, der er nogle af dem, som kommer igen jo. Altså så er det bare med, om man kan huske dem.",47,RebekkaR
Pair22,1,B,(0:14:06.5),Mmm.,47,RebekkaR
Pair22,1,A,(0:14:11.6),Det er en 2'er.,47,RebekkaR
Pair22,1,A,(0:14:22.1),En 2'er.,48,RebekkaR
Pair22,1,A,(0:14:31.5),Så er det en 3'er.,49,RebekkaR
Pair22,1,A,(0:14:36.5),Dét er en 2'er.,50,RebekkaR
Pair22,1,A,(0:14:42.6),Så... Prøver vi 1'eren der.,51,RebekkaR
Pair22,1,A,(0:14:53.5),Et.,52,RebekkaR
Pair22,1,A,(0:15:00.0),Fire.,53,RebekkaR
Pair22,1,A,(0:15:08.7),Det er en 3'er.,54,RebekkaR
Pair22,1,A,(0:15:15.4),To.,55,RebekkaR
Pair22,1,A,(0:15:21.3),To.,56,RebekkaR
Pair22,1,A,(0:15:26.4),Et.,57,RebekkaR
Pair22,1,A,(0:15:32.3),To.,58,RebekkaR
Pair22,1,A,(0:15:41.5),2'er.,59,RebekkaR
Pair22,1,A,(0:15:47.4),Og en 3'er.,60,RebekkaR
Pair22,1,A,(0:15:55.5),Det er den samme som før bare med prikker. Jeg tager en 3'er igen.,61,RebekkaR
Pair22,1,B,(0:16:02.7),"Jamen det er også lige, om de der prikker betyder noget.",62,RebekkaR
Pair22,1,A,(0:16:04.9),1'er.,62,RebekkaR
Pair22,1,A,(0:16:11.0),1'er.,63,RebekkaR
Pair22,1,A,(0:16:16.1),2'er.,64,RebekkaR
Pair22,1,A,(0:16:22.9),1'er.,65,RebekkaR
Pair22,1,A,(0:16:31.8),Tre.,66,RebekkaR
Pair22,1,A,(0:16:35.2),"Der er faktisk mange af de der 2'ere. Det er dem, der er flest af, tror jeg.",67,RebekkaR
Pair22,1,B,(0:16:44.3),Så har vi jo også ignoreret en del.,67,RebekkaR
Pair22,1,A,(0:16:49.5),"Ja. Der er ikke så mange fjender, som der er venner. Indtil videre.",67,RebekkaR
Pair22,1,B,(0:16:56.1),"Ja det kan være, de kommer.",67,RebekkaR
Pair22,1,A,(0:16:58.1),Jeg tager en 1'er.,67,RebekkaR
Pair22,1,A,(0:17:03.2),Dét er en 2'er.,68,RebekkaR
Pair22,1,A,(0:17:12.2),Den har lige været der. Det er en 1'er.,69,RebekkaR
Pair22,1,A,(0:17:22.5),"Jeg kan ikke huske dem fra hinanden. Hvor er det irriterende - jeg kan jo huske, at de har været der før.",70,RebekkaR
Pair22,1,B,(0:17:27.9),Jamen det tror jeg også de har. Men så når de også ændrer sig... Det er jo ikke til at huske.,70,RebekkaR
Pair22,1,A,(0:17:33.8),Ej men så mange kombinationer er der jo ikke. Der er jo ikke 96 kombinationsmuligheder.,70,RebekkaR
Pair22,1,B,(0:17:38.8),"Altså både øjnene, armene-",70,RebekkaR
Pair22,1,A,(0:17:41.9),"Øjne, arme, mund og farve. 4x4x4x4... Ej men det er det jo heller ikke, for det er jo kun to muligheder. Det må være 16 forskellige der kan være. Ikke?",70,RebekkaR
Pair22,1,B,(0:18:06.0),Ja hvis de nu har forksellige... Jo det er det nok. Hvad tror du dén der er?,70,RebekkaR
Pair22,1,A,(0:18:13.8),"Når, det er en 2'er.",70,RebekkaR
Pair22,1,A,(0:18:23.6),Så får han en 4'er.,71,RebekkaR
Pair22,1,A,(0:18:29.6),Og en 4'er.,72,RebekkaR
Pair22,1,A,(0:18:35.0),Og en 1'er.,73,RebekkaR
Pair22,1,A,(0:18:40.0),Og en 2'er.,74,RebekkaR
Pair22,1,A,(0:18:49.2),Det er en 3'er.,75,RebekkaR
Pair22,1,A,(0:18:54.0),1'er.,76,RebekkaR
Pair22,1,A,(0:18:59.0),4'er.,77,RebekkaR
Pair22,1,A,(0:19:04.8),2'er.,78,RebekkaR
Pair22,1,A,(0:19:12.1),Et. Tre? Tre.,79,RebekkaR
Pair22,1,A,(0:19:24.3),Et.,80,RebekkaR
Pair22,1,A,(0:19:29.7),Et.,81,RebekkaR
Pair22,1,A,(0:19:36.5),To.,82,RebekkaR
Pair22,1,A,(0:19:43.0),Et.,83,RebekkaR
Pair22,1,A,(0:19:47.9),To.,84,RebekkaR
Pair22,1,A,(0:19:53.1),Fire.,85,RebekkaR
Pair22,1,A,(0:19:59.2),Tre.,86,RebekkaR
Pair22,1,A,(0:20:03.7),Det er en 4'er.,87,RebekkaR
Pair22,1,A,(0:20:08.9),Og det er en 2'er. Ikk'?,88,RebekkaR
Pair22,1,B,(0:20:12.7),Var det den samme som før uden prikker bare?,88,RebekkaR
Pair22,1,A,(0:20:15.7),Ja.,88,RebekkaR
Pair22,1,A,(0:20:20.6) ,"Åh gud, det har nogle andre øjne, dén der. Jeg kalder den stadig en 4'er.",89,RebekkaR
Pair22,1,A,(0:20:32.4),En 1'er.,90,RebekkaR
Pair22,1,A,(0:20:33.7),Ja der har egentligt ikke været nogle kill? Har du der overhovedet været nogle?,91,RebekkaR
Pair22,1,B,(0:20:38.5),Det tror jeg der har været. Men det har ikke været mange.,91,RebekkaR
Pair22,1,A,(0:20:44.0),Nej. Så får han en kill.,91,RebekkaR
Pair22,1,A,(0:20:51.1),Det er en 1'er.,92,RebekkaR
Pair22,1,A,(0:20:56.6),Og det er en 2'er.,93,RebekkaR
Pair22,1,A,(0:21:01.9),Det er en 1'er.,94,RebekkaR
Pair22,1,A,(0:21:06.7),Og det er en 2'er.,95,RebekkaR
Pair22,1,A,(0:21:16.6),Det er en 1'er.,96,RebekkaR
Pair22,1a,B,(0:21:50.8),Tror du så- skal man så tappe den og så dræbe den?,97,RebekkaR
Pair22,1a,A,(0:21:54.6),Skal vi prøve?,97,RebekkaR
Pair22,1a,A,(0:22:02.6),Det er den samme bare i blå. Den har en lidt anden mund også.,98,RebekkaR
Pair22,1a,B,(0:22:05.3),Ja.,98,RebekkaR
Pair22,1a,A,(0:22:07.3),"Men den er sur, har armene oppe og har pletter. Det havde den anden også. Men den er grøn og har en anden mund. Eller blå, undskyld.",98,RebekkaR
Pair22,1a,B,(0:22:16.4),"Vil du så sige, at vi er dér ovre? I 3 eller 4?",98,RebekkaR
Pair22,1a,A,(0:22:20.7),"Det er ikke en 3'er. Det tror jeg ikke. 2 eller 4, vil jeg sige. Eller 1.",98,RebekkaR
Pair22,1a,B,(0:22:30.6),Ja... Hvis vi skulle kigge på mønsteret før: hvad gjorde vi med blå og pletter og sure øjne?,98,RebekkaR
Pair22,1a,A,(0:22:42.1),To.,98,RebekkaR
Pair22,1a,B,(0:22:42.6),Gjorde vi 2?,98,RebekkaR
Pair22,1a,A,(0:22:43.2),Ja.,98,RebekkaR
Pair22,1a,B,(0:22:44.5),Skal vi prøve?,98,RebekkaR
Pair22,1a,A,(0:22:50.5),"Dén der ville jeg kalde en 4'er. Næh, den havde armene oppe, den jeg tog.",99,RebekkaR
Pair22,1a,B,(0:22:54.9),Ja det er jo det. Om dén der den er en man skal ignorere så. Eller om man skal dræbe den.,99,RebekkaR
Pair22,1a,A,(0:22:58.8),Skal vi ignorere den?,99,RebekkaR
Pair22,1a,B,(0:23:02.1),Prøv.,99,RebekkaR
Pair22,1a,A,(0:23:09.5),"Den ville i den anden udgave have været en 4'er. Det ville jeg have kaldt en 4'er, hvis det havde været i den anden. Skal vi prøve?",100,RebekkaR
Pair22,1a,A,(0:23:26.8),En lille tyk én.,101,RebekkaR
Pair22,1a,B,(0:23:29.4),Ja. Med armene nede. Skal vi bare ignorere sådan en?,101,RebekkaR
Pair22,1a,A,(0:23:32.9),"En 1'er, ja.",101,RebekkaR
Pair22,1a,B,(0:23:40.3),Arme oppe.,102,RebekkaR
Pair22,1a,A,(0:23:41.5),2'er.,102,RebekkaR
Pair22,1a,A,(0:23:48.4),Det ville være en 4'er.,103,RebekkaR
Pair22,1a,B,(0:23:52.4),Med plettter og armene oppe.,103,RebekkaR
Pair22,1a,B,(0:23:59.2),"Armene nede, pletter. Skal vi bare ignorere?",104,RebekkaR
Pair22,1a,A,(0:24:05.7),"Ja, bare gør det.",104,RebekkaR
Pair22,2,A,(0:24:23.0),Så er det helt nye. Så det er rent gætværk i starten igen.,1,RebekkaR
Pair22,2,B,(0:24:28.8),Nu er det jo sådan forfra - bare at prøve sig frem.,1,RebekkaR
Pair22,2,A,(0:24:31.4),Ja. Siger du tallet så prøver jeg at gætte nu i mit hoved.,1,RebekkaR
Pair22,2,B,(0:24:37.4),Fire.,1,RebekkaR
Pair22,2,B,(0:24:47.3),Så er det et.,2,RebekkaR
Pair22,2,B,(0:24:54.4),Jeg prøver 4 på den.,3,RebekkaR
Pair22,2,B,(0:25:02.2),Det ved jeg ikke - skal vi snakke om det i starten igen ligesom sidst og så køre over til-,4,RebekkaR
Pair22,2,A,(0:25:06.3),Det må du selv om. Jeg er ligeglad.,4,RebekkaR
Pair22,2,B,(0:25:07.3),"Ja okay. Jeg ved heller ikke, om det hjælper. Jeg prøver 2 på den.",4,RebekkaR
Pair22,2,A,(0:25:17.7),Det ville jeg også have taget.,4,RebekkaR
Pair22,2,B,(0:25:25.6),"Okay den har så bare skiftet farve, har den ikke?",5,RebekkaR
Pair22,2,A,(0:25:27.6),Mmm.,5,RebekkaR
Pair22,2,B,(0:25:29.8),Er det så også en 2'er?,5,RebekkaR
Pair22,2,A,(0:25:31.9),Prøv.,5,RebekkaR
Pair22,2,B,(0:25:44.2),Jeg prøver en 2'er igen.,6,RebekkaR
Pair22,2,B,(0:26:01.2),Det kan ikke passe at vi ikke skal dræbe flere - 3.,7,RebekkaR
Pair22,2,B,(0:26:07.2),"Jamen det er jo også det - der er ikke et system i det. Vi har i hvert fald ikke fundet det endnu. Hmm. Var det en fra før, der skulle dræbes først?",8,RebekkaR
Pair22,2,A,(0:26:21.0),Det er ikke den magen til den anden. Den har store øjne-,8,RebekkaR
Pair22,2,B,(0:26:23.9),Den skal bare ignoreres måske.,8,RebekkaR
Pair22,2,A,(0:26:24.7),Mmm.,8,RebekkaR
Pair22,2,B,(0:26:35.0),Prøver en 2'er.,9,RebekkaR
Pair22,2,A,(0:26:40.6),"Det var den, der var en 4'er før.",10,RebekkaR
Pair22,2,B,(0:26:42.1),Så jeg prøver en 4'er der.,10,RebekkaR
Pair22,2,B,(0:26:50.8),Det kan godt være man bare skal ignorere dén - jeg prøver en 1'er.,11,RebekkaR
Pair22,2,A,(0:26:52.3),Mmm.,11,RebekkaR
Pair22,2,A,(0:26:54.5),"Nå - det var en 3'er. Vi skal lige huske, hvordan den ser ud.",12,RebekkaR
Pair22,2,B,(0:26:59.1),Ja den var grøn med ingen pletter og store øjne.,12,RebekkaR
Pair22,2,A,(0:27:01.3),Ja. Og armene opad også. Store overarme.,12,RebekkaR
Pair22,2,B,(0:27:03.4),"Ja, det tror jeg faktisk. Armene nedad: 4.",12,RebekkaR
Pair22,2,A,(0:27:19.1),"Jeg ved ikke med øjnene, men ellers så vil jeg sige det er en 4'er eller en 1'er.",13,RebekkaR
Pair22,2,B,(0:27:22.4),"Jeg synes også den lignede dén der, bare uden pletter. Vi prøver en 1'er.",13,RebekkaR
Pair22,2,A,(0:27:36.3),Den er magen til bare med blå og uden prikker.,14,RebekkaR
Pair22,2,A,(0:27:48.5),Tre.,15,RebekkaR
Pair22,2,B,(0:27:49.0),Var det den samme?,15,RebekkaR
Pair22,2,A,(0:27:49.6),Det tror jeg.,15,RebekkaR
Pair22,2,B,(0:27:56.2),Er det ikke den igen?,16,RebekkaR
Pair22,2,A,(0:27:57.6),"Den er større, dén der, er den ikke det? Prøv den til en 3'er også.",16,RebekkaR
Pair22,2,B,(0:28:03.8),Ja fordi den ligner jo med-,16,RebekkaR
Pair22,2,A,(0:28:06.1),"Jeg synes bare, den ser større ud, men det kan godt være, den ikke er det.",16,RebekkaR
Pair22,2,B,(0:28:15.3),Så er den bare blevet grøn. Skal man så bare... Skal vi prøve en 2'er?,17,RebekkaR
Pair22,2,A,(0:28:26.1),Ja...,17,RebekkaR
Pair22,2,B,(0:28:32.0),Nu har den så fået pletter. Så er det ikke bare 3 måske. Var det ikke 4?,18,RebekkaR
Pair22,2,A,(0:28:38.5),Så er det en 4'er.,18,RebekkaR
Pair22,2,A,(0:28:46.1),Små arme.,19,RebekkaR
Pair22,2,B,(0:28:46.9),Nedad. Ignorere måske.,19,RebekkaR
Pair22,2,B,(0:29:05.9),"Den har jo de øjne. Om det er en, man skal ignorere, eller... Eller er den en 2'er. Jeg prøver at ignorere den.",20,RebekkaR
Pair22,2,B,(0:29:23.8),"Var det den, vi dræbte før?",21,RebekkaR
Pair22,2,A,(0:29:25.3),De havde venlige øjne - det er den samme bortset fra øjnene.,21,RebekkaR
Pair22,2,B,(0:29:33.2),"Så skal vi- det eneste vi kan udelukke, det er 3'eren. Tror du ikke det?",21,RebekkaR
Pair22,2,A,(0:29:42.8),"Jo... Men den, der er magen til, som er grøn, det er jo en 3'er. Så er den grønne og den blå, der er ens, de er begge to 3'ere. Så man kan jo ikke altid vide, hvad det er, der skal skille sig ud. Jeg ville tage en 4'er.",21,RebekkaR
Pair22,2,B,(0:30:00.6),"Ja, jeg tror også en 4'er.",21,RebekkaR
Pair22,2,B,(0:30:09.9),"Store arme, og store øjne, grøn med pletter. Var det uden pletter at vi gav den 3?",22,RebekkaR
Pair22,2,A,(0:30:19.0),"Ja. Men jeg tror også, der har været en med pletter, der var en 3'er, men jeg er ikke sikker.",22,RebekkaR
Pair22,2,B,(0:30:30.7),Vi prøver at dræbe den der.,22,RebekkaR
Pair22,2,A,(0:30:35.8),"Så måske hvis den er stor og har store arme opad, så er det en 3'er, og hvis den har en variant af den rene, så er det en 4'er. Skal vi prøve at se om det-",23,RebekkaR
Pair22,2,B,(0:30:48.3),"Ja. Vi prøver lige at holde øje med det. Så nedad med armene - er det så en 1'er, vi skal ignorere?",23,RebekkaR
Pair22,2,A,(0:30:56.6),Mmm.,23,RebekkaR
Pair22,2,A,(0:31:02.0),Det er den samme.,24,RebekkaR
Pair22,2,B,(0:31:02.0),Og så den samme igen.,24,RebekkaR
Pair22,2,A,(0:31:13.7),Det er den samme bare i blå.,25,RebekkaR
Pair22,2,B,(0:31:14.5),"Jamen det er jo det. Men før der gav vi den jo lige 1, og det var forkert.",25,RebekkaR
Pair22,2,A,(0:31:19.2),Så er det nok en 1'er dét der.,25,RebekkaR
Pair22,2,B,(0:31:31.0),Vi prøver en 1'er.,25,RebekkaR
Pair22,2,B,(0:31:37.5),"Så har den bare andre øjne, ikke? Vi prøver en 2'er.",26,RebekkaR
Pair22,2,B,(0:31:47.5),"Armene oppe, med øjne, pletter på.",27,RebekkaR
Pair22,2,A,(0:31:52.0),Jeg vil sige 4.,27,RebekkaR
Pair22,2,B,(0:31:53.4),"Skal vi så ikke prøve 4'eren, fordi den har jo varianten der.",27,RebekkaR
Pair22,2,A,(0:32:02.7),Ja så er det så det; om du vil tage efter øjnene eller pletterne nu.,28,RebekkaR
Pair22,2,B,(0:32:05.3),Ja. Jeg prøver en 4'er igen.,28,RebekkaR
Pair22,2,A,(0:32:11.2),Så stor og plettet og-,29,RebekkaR
Pair22,2,B,(0:32:13.2),"Var det den, vi skulle dræbe?",29,RebekkaR
Pair22,2,A,(0:32:14.8),Ja.,29,RebekkaR
Pair22,2,B,(0:32:16.5),"Eller var det kun, når den havde store øjne? Eller hvad skal man sige- mere venlige øjne.",29,RebekkaR
Pair22,2,A,(0:32:24.3),Nej det ved jeg ikke. Jeg ville sige en 3'er.,29,RebekkaR
Pair22,2,B,(0:32:32.8),Jeg prøver 3'eren.,29,RebekkaR
Pair22,2,B,(0:32:43.0),Jeg prøver at ignorere den.,30,RebekkaR
Pair22,2,B,(0:32:52.6),Armene oppe - vi dræber den?,31,RebekkaR
Pair22,2,A,(0:32:55.8),Ja.,31,RebekkaR
Pair22,2,B,(0:33:03.4),"Armene nede, og øjne og pletter. Hmm. 2 måske.",32,RebekkaR
Pair22,2,A,(0:33:21.5),Mmm.,32,RebekkaR
Pair22,2,A,(0:33:30.1),Vi har lige haft den.,33,RebekkaR
Pair22,2,B,(0:33:31.0),Ja havde vi ikke det?,33,RebekkaR
Pair22,2,A,(0:33:32.3),"Jo, det er en 4'er.",33,RebekkaR
Pair22,2,A,(0:33:44.0),"Så er det jo kun nogle gange, at de lever op til...",34,RebekkaR
Pair22,2,B,(0:33:49.0),I hvert fald- ja så skal vi have overset noget. Jeg synes også den mindede om den der...,34,RebekkaR
Pair22,2,A,(0:33:54.4),"Altså i hvert fald kan man sige, at vi har styr på 1, 2 og 3, 4. Altså vi ved om den er venlig eller ikke venlig.",34,RebekkaR
Pair22,2,B,(0:34:03.5),Ja.,34,RebekkaR
Pair22,2,A,(0:34:05.5),"Men så ikke, om den indeholder en ressource.",34,RebekkaR
Pair22,2,B,(0:34:07.3),"Nej, det er jo det. Men denne her- skal den så være 3?",34,RebekkaR
Pair22,2,A,(0:34:18.3),"Nej, for den har jo armene nedad. Det er en 1'er eller en 2'er dén der. Jeg tror det er en 1'er.",34,RebekkaR
Pair22,2,B,(0:34:26.2),Okay vi prøver.,34,RebekkaR
Pair22,2,A,(0:34:32.2),Også denne her.,35,RebekkaR
Pair22,2,B,(0:34:33.1),"Det er den samme, ja. Bare i grøn.",35,RebekkaR
Pair22,2,B,(0:34:43.9),"Det var øjnene nu. I forhold til den før, som vi gav 1. Den skal dræbes nu.",36,RebekkaR
Pair22,2,A,(0:34:54.6),"Tror du det? Er det ikke kun de store, der skal dræbes - dem der har armene opad?",36,RebekkaR
Pair22,2,B,(0:34:58.6),"Jo det var det selvfølgelig før. Dén har vi ikke haft, denne her.",36,RebekkaR
Pair22,2,A,(0:35:05.0),"Hvis man nu prøver at gå ud fra: før der havde vi på 1'eren en blå med armene nedad og glade øjne og pletter. Da den skiftede farve så blev det til en 2'er. Så måske er det her også en 1'er, fordi den er blå. Måske er det koden i denne her runde.",36,RebekkaR
Pair22,2,B,(0:35:27.7),Så prøver vi det.,36,RebekkaR
Pair22,2,A,(0:35:28.8),Det var det ikke. Så er det de sure øjne måske.,37,RebekkaR
Pair22,2,B,(0:35:34.3),Dén der...,37,RebekkaR
Pair22,2,A,(0:35:36.0),Det er en 2'er. Den har sure øjne og armene nedad.,37,RebekkaR
Pair22,2,B,(0:35:46.8),Skulle den ikke også ignoreres?,38,RebekkaR
Pair22,2,A,(0:35:48.8),Jo...,38,RebekkaR
Pair22,2,B,(0:35:50.9),"Nej det var jo den hvor vi trykkede 1, og så var det en 2'er.",38,RebekkaR
Pair22,2,A,(0:35:53.3),Når ja.,38,RebekkaR
Pair22,2,A,(0:35:58.9),Dét er en 4'er.,39,RebekkaR
Pair22,2,B,(0:36:00.1),"Ja for den havde jo de der pletter, som-",39,RebekkaR
Pair22,2,A,(0:36:01.7),Ja.,39,RebekkaR
Pair22,2,B,(0:36:08.1),Nu har den så armene nede.,40,RebekkaR
Pair22,2,A,(0:36:09.1),Det er en 2'er.,40,RebekkaR
Pair22,2,B,(0:36:12.2),Ja fordi den...,40,RebekkaR
Pair22,2,B,(0:36:18.3),Er det så en 4'er?,41,RebekkaR
Pair22,2,A,(0:36:18.9),Tre.,41,RebekkaR
Pair22,2,B,(0:36:19.4),"Det er den, der skal elimineres helt.",41,RebekkaR
Pair22,2,A,(0:36:22.5),Ja den har venlige øjne.,41,RebekkaR
Pair22,2,B,(0:36:23.9),Ja og har de store arme.,41,RebekkaR
Pair22,2,B,(0:36:33.7),Så den har... 1'er.,42,RebekkaR
Pair22,2,A,(0:36:35.7),"2'er. Med de sure øjne. 1 er venlige øjne og armene nedad, 2 er armene nedad og sure øjne, 3 er armene opad og venlige øjne, og 4'eren er store arme og sure øjne.",42,RebekkaR
Pair22,2,B,(0:36:50.5),Men hvad så når de har pletter?,42,RebekkaR
Pair22,2,A,(0:36:52.3),"Jeg tror ikke, pletterne har nogen betydning.",42,RebekkaR
Pair22,2,B,(0:36:54.0),Så dem skal vi bare...,42,RebekkaR
Pair22,2,A,(0:36:55.0),"Indtil videre i hvert fald- lige de sidste stykker jeg har kigget på, har det været sådan.",42,RebekkaR
Pair22,2,B,(0:37:00.2),Dvs. det er en 2'er på den her?,42,RebekkaR
Pair22,2,A,(0:37:00.8),Ja.,42,RebekkaR
Pair22,2,A,(0:37:07.2),Det er en 4'er.,43,RebekkaR
Pair22,2,B,(0:37:11.0),Men den har de sure øjne der.,43,RebekkaR
Pair22,2,A,(0:37:12.6),"Ja. Men er det ikke den, der har været en 4'er hver gang?",43,RebekkaR
Pair22,2,B,(0:37:19.0),Betyder det ikke noget med de der øjne? ... Fire.,43,RebekkaR
Pair22,2,B,(0:37:33.5),"Det er vel en 1'er eller 2'er det der, er det ikke?",44,RebekkaR
Pair22,2,A,(0:37:35.1),Jo.,44,RebekkaR
Pair22,2,B,(0:37:42.0),"Så er det om vi skal ignorere den, eller...",44,RebekkaR
Pair22,2,A,(0:37:48.8),"Så kan vi prøve, om det er pletterne, det kommer an på. Ved 3'eren og 4'eren der er det øjnene, det kommer an på.",44,RebekkaR
Pair22,2,B,(0:37:54.7),Ja. Og så denne her?,44,RebekkaR
Pair22,2,A,(0:37:57.3),"Hvis det er uden pletter, så er det en 1'er. Og hvis det er med pletter, er det en 2'er. Måske. Skal vi prøve?",44,RebekkaR
Pair22,2,B,(0:38:02.2),Skal vi prøve at ignorere denne her?,44,RebekkaR
Pair22,2,A,(0:38:03.3),Ja.,44,RebekkaR
Pair22,2,A,(0:38:10.7),"Det er en 3'er, fordi den har venlige øjne og store arme, ikke?",45,RebekkaR
Pair22,2,B,(0:38:14.4),"Jo det vil jeg også sige. Det er jo det med øjnene i hvert fald, som vi snakkede om før.",45,RebekkaR
Pair22,2,A,(0:38:25.9),"Og den er uden pletter og armene nedad, så er det en 1'er.",46,RebekkaR
Pair22,2,B,(0:38:27.6),"Ja. Fordi det var også lige den, vi havde.",46,RebekkaR
Pair22,2,A,(0:38:30.0),Ja.,46,RebekkaR
Pair22,2,A,(0:38:35.1),Det er det samme.,47,RebekkaR
Pair22,2,B,(0:38:35.3),"Var det ikke det samme, ja?",47,RebekkaR
Pair22,2,A,(0:38:41.0),Det er en 4'er.,48,RebekkaR
Pair22,2,B,(0:38:42.7),Ja fordi den havde de sure øjne.,48,RebekkaR
Pair22,2,A,(0:38:43.8),Den havde sure øjne og armene opad.,48,RebekkaR
Pair22,2,B,(0:38:44.8),Så den skal først tappes og så skydes.,48,RebekkaR
Pair22,2,A,(0:38:53.2),"Og så må det være en 2'er, fordi den har pletter.",49,RebekkaR
Pair22,2,B,(0:38:57.1),"Ja, så skal den ikke elimineres.",49,RebekkaR
Pair22,2,A,(0:39:00.0),"Nej for den har jo armene nedad, så det er en 1'er eller en 2'er, ikke? Og vi har lige testet, om det er øjnene, det afhænger af - det er det ikke.",49,RebekkaR
Pair22,2,B,(0:39:06.3),"Før, da den ikke havde pletter, så var det en 1'er.",49,RebekkaR
Pair22,2,A,(0:39:08.6),Ja.,49,RebekkaR
Pair22,2,B,(0:39:16.0),Okay den har store arme.,50,RebekkaR
Pair22,2,A,(0:39:17.1),Og venlige øjne.,50,RebekkaR
Pair22,2,B,(0:39:19.0),Så det er en 3'er.,50,RebekkaR
Pair22,2,A,(0:39:19.9),Mmm.,50,RebekkaR
Pair22,2,B,(0:39:25.4),Så må de der pletter jo også have- eller-,51,RebekkaR
Pair22,2,A,(0:39:28.4),Jo det holdte indtil nu.,51,RebekkaR
Pair22,2,B,(0:39:30.4),"Den der med øjnene den skulle egentligt have 4'eren, ikke?",51,RebekkaR
Pair22,2,A,(0:39:34.0),Ja.,51,RebekkaR
Pair22,2,B,(0:39:40.2),Det er den samme her.,52,RebekkaR
Pair22,2,A,(0:39:40.7),"Det er den samme, ja.",52,RebekkaR
Pair22,2,A,(0:39:45.1),Det forstår jeg ikke. Den skulle også have været en 4'er så.,53,RebekkaR
Pair22,2,B,(0:39:47.9),Ja det er det også nu.,53,RebekkaR
Pair22,2,B,(0:39:54.1),Okay så må vi være i 1 eller 2 - gør vi ikke det?,54,RebekkaR
Pair22,2,A,(0:39:58.5),Mmm.,54,RebekkaR
Pair22,2,B,(0:40:02.9),"Men den- var det ikke den, vi gav 1?",54,RebekkaR
Pair22,2,A,(0:40:05.8),1'er.,54,RebekkaR
Pair22,2,B,(0:40:12.0),Det må så også være en 1'er.,55,RebekkaR
Pair22,2,A,(0:40:12.9),Ja.,55,RebekkaR
Pair22,2,A,(0:40:18.2),"Så det er den magen til - så nu kan vi jo teste, hvad det er der sker, når den får pletter.",56,RebekkaR
Pair22,2,B,(0:40:26.1),"Men var der, hvor vi gav den 2, hvor det egentlig var en 1'er?",56,RebekkaR
Pair22,2,A,(0:40:31.0),"Jeg kan ikke huske, om vi testede den blå.",56,RebekkaR
Pair22,2,B,(0:40:33.6),"Skal vi så prøve en 2'er nu, fordi den har jo ændret sig lidt.",56,RebekkaR
Pair22,2,A,(0:40:36.5),Ja.,56,RebekkaR
Pair22,2,B,(0:40:42.0),Og det må jo så være en 1'er.,57,RebekkaR
Pair22,2,A,(0:40:43.1),Mmm.,57,RebekkaR
Pair22,2,B,(0:40:49.3),"Det må jo så være en 3'er, ikke? Fordi den har jo ikke noget værdi.",58,RebekkaR
Pair22,2,B,(0:41:02.9),"Den har store arme - er det ikke der, vi siger 4?",59,RebekkaR
Pair22,2,A,(0:41:05.2),Mmm.,59,RebekkaR
Pair22,2,B,(0:41:11.8),Nu har den så de sure øjne. Er det her vi siger 2?,60,RebekkaR
Pair22,2,A,(0:41:16.7),"Prøv, se hvad der sker.",60,RebekkaR
Pair22,2,B,(0:41:17.7),"Ja ved de store runde der gav vi den 1, hvis den så sådan der ud med armene.",60,RebekkaR
Pair22,2,B,(0:41:30.8),"Den havde- så skal den have 4, ikke?",61,RebekkaR
Pair22,2,A,(0:41:33.5),Mmm.,61,RebekkaR
Pair22,2,B,(0:41:42.1),"Den har store øjne, armene nede.",62,RebekkaR
Pair22,2,A,(0:41:44.7),Pletter.,62,RebekkaR
Pair22,2,B,(0:41:45.2),Med pletter. Hvis den ikke har pletter så havde vi givet den 1.,62,RebekkaR
Pair22,2,A,(0:41:49.6),"Ja, hvis den ikke havde haft pletter, så var det en 1'er.",62,RebekkaR
Pair22,2,B,(0:41:51.1),Ja. Og nu har den så pletter.,62,RebekkaR
Pair22,2,A,(0:41:52.7),"Og hvad var det, der skete, sidst vi gjorde det?",62,RebekkaR
Pair22,2,B,(0:41:55.3),Så var det så en 2'er.,62,RebekkaR
Pair22,2,A,(0:41:56.8),"Var det en 2'er? Kan du ikke huske, at vi havde den lige før? Jeg kan bare ikke huske, om det var rigtigt, det vi gjorde.",62,RebekkaR
Pair22,2,B,(0:42:01.5),Vi prøver 2.,62,RebekkaR
Pair22,2,A,(0:42:02.1),Vi prøver 2.,62,RebekkaR
Pair22,2,B,(0:42:10.3),"Den har armene nede, så... Den har jo så sure øjne og pletter ellers. Skal vi så ovre i- er det 2 igen nu? Det kan også være, vi skal ignorere den.",63,RebekkaR
Pair22,2,A,(0:42:28.0),"Jeg tænker faktisk på, om to afvigelser opvejer hinanden.",63,RebekkaR
Pair22,2,B,(0:42:34.4),Ja så det bare bliver en 1'er.,63,RebekkaR
Pair22,2,A,(0:42:35.8),Mmm.,63,RebekkaR
Pair22,2,B,(0:42:40.7),Det var den samme.,64,RebekkaR
Pair22,2,A,(0:42:41.2),Det er den samme igen.,64,RebekkaR
Pair22,2,A,(0:42:46.7),Det er en 1'er.,65,RebekkaR
Pair22,2,B,(0:42:47.4),"Ja, den har jo...",65,RebekkaR
Pair22,2,B,(0:42:55.3),"Så var det den der, der skal have 4.",66,RebekkaR
Pair22,2,A,(0:42:56.1),Det er en 4'er.,66,RebekkaR
Pair22,2,B,(0:43:02.2),"Den har så bare skiftet farve. Det er jo stadig en 4'er, vil jeg gå ud fra.",67,RebekkaR
Pair22,2,A,(0:43:05.4),Mmm.,67,RebekkaR
Pair22,2,B,(0:43:09.2),Det er også det; farven har måske ikke så meget at sige.,68,RebekkaR
Pair22,2,A,(0:43:11.9),Nej det tror jeg heller ikke.,68,RebekkaR
Pair22,2,B,(0:43:12.3),Det er en 3'er den her.,68,RebekkaR
Pair22,2,A,(0:43:13.7),Ja det er en 3'er.,68,RebekkaR
Pair22,2,B,(0:43:25.6),Dén der- er det så en 3'er?,69,RebekkaR
Pair22,2,A,(0:43:27.3),Det er en 4'er.,69,RebekkaR
Pair22,2,B,(0:43:29.1),Hvis den der før med pletter var 4? Så den ikke ligesådan ud?,69,RebekkaR
Pair22,2,A,(0:43:32.6),Nej. Nej den der var der lige før havde sure øjne og pletter.,69,RebekkaR
Pair22,2,B,(0:43:39.5),Men denne her har sure øjne og så ingen pletter. Hvis den før var 4 - nu er der jo så ingen pletter - skal denne her så være 3?,69,RebekkaR
Pair22,2,A,(0:43:46.3),"Hvis vi holder os til systemet fra før med store arme og sure øjne, så er det en 4'er.",69,RebekkaR
Pair22,2,B,(0:43:51.0),Ja så skulle de være glade - øjnene - for at det var en 3'er.,69,RebekkaR
Pair22,2,A,(0:43:53.8),Ja.,69,RebekkaR
Pair22,2,B,(0:43:55.9),Jeg prøver 4.,69,RebekkaR
Pair22,2,A,(0:44:00.9),Dét der det er en 4'er.,70,RebekkaR
Pair22,2,B,(0:44:08.7),"Det var den, vi lige havde, som vi trykkede 4 ved, som skulle have været en 3'er.",71,RebekkaR
Pair22,2,B,(0:44:19.2),Og den har armene oppe-,72,RebekkaR
Pair22,2,A,(0:44:21.2),3'er.,72,RebekkaR
Pair22,2,B,(0:44:21.8),Ja. Store øjne. Så jeg går med på 3.,72,RebekkaR
Pair22,2,B,(0:44:32.4),Arme nede-,73,RebekkaR
Pair22,2,A,(0:44:32.6),Et.,73,RebekkaR
Pair22,2,B,(0:44:33.0),Et.,73,RebekkaR
Pair22,2,B,(0:44:38.8),"Og så må det være 2, hvis så øjnene skifter, ikke?",74,RebekkaR
Pair22,2,A,(0:44:45.1),Ja prøv.,74,RebekkaR
Pair22,2,B,(0:44:49.0),"Så har øjnene ikke noget at sige til det. Det må jo så være 3, ikke?",75,RebekkaR
Pair22,2,B,(0:44:58.4),Det er den samme.,76,RebekkaR
Pair22,2,A,(0:44:59.3),Mmm.,76,RebekkaR
Pair22,2,B,(0:45:06.3),"Det var den, vi skulle ignorere.",77,RebekkaR
Pair22,2,A,(0:45:19.5),"Der må være et eller andet - fordi nu har der været to ens flere gange, hvor det har været noget andet.",78,RebekkaR
Pair22,2,B,(0:45:25.0),"Vi er enige om at sige 3 denne her gang, ikke?",78,RebekkaR
Pair22,2,A,(0:45:25.7),"Det er en 3'er, ja.",78,RebekkaR
Pair22,2,B,(0:45:59.4),Der er der så kommet pletter på i forhold til-,79,RebekkaR
Pair22,2,A,(0:46:01.7),Fire.,79,RebekkaR
Pair22,2,B,(0:46:04.1),Men også når armene hænger nedad?,79,RebekkaR
Pair22,2,A,(0:46:05.5),Når nej!,79,RebekkaR
Pair22,2,A,(0:46:09.7),"Men det var den, vi snakkede om før. Om når der har været to ting - det er en 1'er, fordi de opvejer hinanden.",80,RebekkaR
Pair22,2,B,(0:46:13.0),Ja.,80,RebekkaR
Pair22,2,B,(0:46:20.3),Dén har bare ændret farve.,80,RebekkaR
Pair22,2,B,(0:46:29.5),Det er en 1'er.,81,RebekkaR
Pair22,2,A,(0:46:30.1),Tre-3'er.,81,RebekkaR
Pair22,2,B,(0:46:31.2),"Når ja, 3'er.",81,RebekkaR
Pair22,2,B,(0:46:41.2),Armene nedad-,82,RebekkaR
Pair22,2,A,(0:46:43.5),Nu har den pletter. Den er den originale med pletter.,82,RebekkaR
Pair22,2,B,(0:46:44.4),Nu har den andre øjne.,82,RebekkaR
Pair22,2,A,(0:46:45.9),Nej dét der det er originalen bare med pletter. Altså den der vi gik ud fra til at starte med.,82,RebekkaR
Pair22,2,B,(0:46:49.3),Ja som var 1'er.,82,RebekkaR
Pair22,2,A,(0:46:51.2),Ja. Den der har bare fået pletter.,82,RebekkaR
Pair22,2,B,(0:46:53.2),Om det så går over og bliver 2'er.,82,RebekkaR
Pair22,2,A,(0:46:55.7),Prøv.,82,RebekkaR
Pair22,2,A,(0:47:00.3),Når den skiftede øjne så var det stadigvæk også kun en 1'er.,83,RebekkaR
Pair22,2,B,(0:47:06.2),Det er jo så 2.,83,RebekkaR
Pair22,2,A,(0:47:06.9),"Det er også en 1'er. Hvis det er ligesom den blå, så er det også en 1'er den der.",83,RebekkaR
Pair22,2,B,(0:47:13.9),"Men hvis den havde de runde øjne, så var det en 1'er, ikke?",83,RebekkaR
Pair22,2,A,(0:47:15.6),"Ja, men den blå med de der øjne det er også en 1'er.",83,RebekkaR
Pair22,2,B,(0:47:17.3),Det er også en 1'er.,83,RebekkaR
Pair22,2,B,(0:47:23.0),Så har den så fået pletter her. Så tror jeg vi går over i en 2.,84,RebekkaR
Pair22,2,B,(0:47:30.6),Så er det en 3'er.,85,RebekkaR
Pair22,2,A,(0:47:31.7),Fire.,85,RebekkaR
Pair22,2,B,(0:47:34.4),Nå fordi øjnene er-,85,RebekkaR
Pair22,2,A,(0:47:35.0),Ja.,85,RebekkaR
Pair22,2,A,(0:47:43.1),1'er.,86,RebekkaR
Pair22,2,B,(0:47:44.4),Ja.,86,RebekkaR
Pair22,2,B,(0:47:53.0),Den der blå lige før - den har store muskler. Og de der øjne. Den gav vi 3 men den skulle være 4.,87,RebekkaR
Pair22,2,A,(0:47:59.8),"Nej omvendt. Men jeg tror stadigvæk, at dét der det er en 4'er. Fordi ellers så passer vores system ikke, som ellers har fungeret hele vejen igennem.",87,RebekkaR
Pair22,2,B,(0:48:08.5),"Nej den skulle have haft de runde øjne, hvis vi kun ville give den 3.",87,RebekkaR
Pair22,2,A,(0:48:10.9),Ja.,87,RebekkaR
Pair22,2,A,(0:48:18.2),Det er en 3'er.,88,RebekkaR
Pair22,2,A,(0:48:25.9),Og en 1'er.,89,RebekkaR
Pair22,2,B,(0:48:30.0),Var det 1?,89,RebekkaR
Pair22,2,A,(0:48:31.9),"Ja, fordi det var først, når den fik pletter og øjne, at den ændrer sig til en 2'er.",89,RebekkaR
Pair22,2,B,(0:48:40.3),Men øjnene - skulle de ikke være runde for at være 1?,89,RebekkaR
Pair22,2,A,(0:48:43.3),"Jo, men det holder bare ikke med den med armene nedad.",89,RebekkaR
Pair22,2,B,(0:48:44.7),Skal vi prøve 2?,89,RebekkaR
Pair22,2,A,(0:48:45.5),Ja prøv 2.,89,RebekkaR
Pair22,2,A,(0:48:51.8),"Det var den, hvor vi gættede på en 4'er, hvor det var en 3'er. Hvor jeg ikke kunne forstå, at det blev en 3'er.",90,RebekkaR
Pair22,2,B,(0:48:58.4),"Så nu tænker vi, at vi trykker 3.",90,RebekkaR
Pair22,2,A,(0:49:00.4),"Det var den før, men det skulle den bare ikke have været.",90,RebekkaR
Pair22,2,A,(0:49:07.2),Det er en 3'er.,91,RebekkaR
Pair22,2,B,(0:49:09.3),Ja pletterne skal vi bare se bort fra.,91,RebekkaR
Pair22,2,A,(0:49:27.9),"Var det ikke den, hvor pletterne ikke reagerede. Jeg kan simpelthen ikke huske det.",92,RebekkaR
Pair22,2,B,(0:49:32.2),"Men ved de runde øjne der var den jo 1. Men så fordi der er pletter på nu, så bliver den måske 2.",92,RebekkaR
Pair22,2,B,(0:49:44.1),Det er så den samme bare i blå.,93,RebekkaR
Pair22,2,A,(0:49:49.2),Godt. Den blå-,94,RebekkaR
Pair22,2,A,(0:49:50.2),Den byttede så om.,94,RebekkaR
Pair22,2,B,(0:49:51.4),Ja. Dét er en 4'er.,94,RebekkaR
Pair22,2,A,(0:49:54.8),Ja.,94,RebekkaR
Pair22,2,A,(0:50:00.2),Og en 4'er.,95,RebekkaR
Pair22,2,B,(0:50:01.4),Ja for (?).,95,RebekkaR
Pair22,2,A,(0:50:05.7),"Jeg tror altså, at der er system i det, men at nogle af dem skiller sig ud. Tre.",96,RebekkaR
Pair22,2,B,(0:50:12.8),"Den har jo så bare pletterne, men det betyder ikke noget for 3'eren.",96,RebekkaR
Pair22,2a,A,(0:50:24.5),"Armene nedad og venlige øjne - det er en 1'er, ikke?",97,RebekkaR
Pair22,2a,B,(0:50:28.5),Jo det var det i hvert fald for vores system før.,97,RebekkaR
Pair22,2a,A,(0:50:35.2),"Armene nedad, sure øjne og pletter. Det er en 2'er.",98,RebekkaR
Pair22,2a,A,(0:50:47.1),"Armene opad, venlige øjne - det er en 3'er.",99,RebekkaR
Pair22,2a,A,(0:50:54.8),"Armene opad, sure øjne - det er en 4'er.",100,RebekkaR
Pair22,2a,A,(0:51:05.7),"Armene opad, sure øjne - det er en 4'er.",101,RebekkaR
Pair22,2a,A,(0:51:13.2),"Armene oppe, venlige øjne - det er en 3'er.",102,RebekkaR
Pair22,2a,B,(0:51:14.7),Ja.,102,RebekkaR
Pair22,2a,A,(0:51:17.2),"Armene ned, venlige øjne - det er også en 1'er.",103,RebekkaR
Pair22,2a,A,(0:51:24.7),Og en 3'er.,104,RebekkaR
Pair22,3,A,(0:51:39.4),Hvad skal vi gå ud fra - farve til at starte med? Eller...?,1,RebekkaR
Pair22,3,B,(0:51:46.7),"Ja før ville vi have sagt, at den der var en 4'er.",1,RebekkaR
Pair22,3,A,(0:51:50.7),"Den var en 4'er før. Skal vi se, om den stadigvæk er det?",1,RebekkaR
Pair22,3,B,(0:51:54.0),Ja.,1,RebekkaR
Pair22,3,A,(0:51:59.2),Dén der ville have været en 3'er.,2,RebekkaR
Pair22,3,B,(0:52:00.2),Mmm.,2,RebekkaR
Pair22,3,A,(0:52:05.0),Den ville også have været en 3'er.,3,RebekkaR
Pair22,3,B,(0:52:06.4),Ja.,3,RebekkaR
Pair22,3,A,(0:52:11.4),"Lige nu der er det farven, der adskiller dem. Dét der ville være en 4'er.",4,RebekkaR
Pair22,3,B,(0:52:15.5),Ja.,4,RebekkaR
Pair22,3,A,(0:52:21.6),Det ville have været 1'er.,5,RebekkaR
Pair22,3,B,(0:52:25.0),Men øjnene- ville du så ikke have givet den 2?,5,RebekkaR
Pair22,3,A,(0:52:26.5),Så ville det have været en 2'er.,5,RebekkaR
Pair22,3,A,(0:52:30.6),"Godt. Jeg tror det har med farven at gøre denne her gang. Jeg tror at i stedet for armene oppe og armene nede, så er det grøn og blå. Så de blå er 1 og 2 og de grønne er 3 og 4. Så dén der det venlig øjne og blå - det er en 1'er.",6,RebekkaR
Pair22,3,B,(0:52:51.3),Så blå: 1 og 2.,6,RebekkaR
Pair22,3,A,(0:52:52.0),Det er også en 1'er.,7,RebekkaR
Pair22,3,B,(0:52:54.4),Fordi armene ikke er oppe.,7,RebekkaR
Pair22,3,A,(0:52:55.5),"Nej, det har ikke noget med armene at gøre. Den er blå og det er fordi den har venlige øjne.",7,RebekkaR
Pair22,3,B,(0:52:59.3),Ja.,7,RebekkaR
Pair22,3,A,(0:53:00.4),Blå og sure øjne det er en 2'er.,8,RebekkaR
Pair22,3,B,(0:53:02.4),Ja.,8,RebekkaR
Pair22,3,A,(0:53:08.5),Og en 1'er.,9,RebekkaR
Pair22,3,A,(0:53:13.4),Og en 2'er.,11,RebekkaR
Pair22,3,A,(0:53:19.3),Det er den samme igen.,12,RebekkaR
Pair22,3,B,(0:53:19.7),"Ja hvad stod der, at den skulle være?",12,RebekkaR
Pair22,3,A,(0:53:21.2),Ignoreret.,12,RebekkaR
Pair22,3,B,(0:53:22.6),Så prøv det.,12,RebekkaR
Pair22,3,B,(0:53:26.4),"Men hvad så - det kører med, at den er delt op i farver?",13,RebekkaR
Pair22,3,A,(0:53:29.0),Ja med farver.,13,RebekkaR
Pair22,3,A,(0:53:45.0),Skulle den have været ignored?,14,RebekkaR
Pair22,3,B,(0:53:45.8),Nej den skulle have været valuable. Er det ikke 2'eren?,14,RebekkaR
Pair22,3,A,(0:53:50.7),"Når... Så er vi jo ude af det system, som jeg lige troede vi havde fundet.",14,RebekkaR
Pair22,3,B,(0:53:54.3),Var det den samme som vi lige havde før?,14,RebekkaR
Pair22,3,A,(0:53:57.3),"Til at starte med var alle de grønne 3'ere og 4'ere, og de blå var 1'ere og 2'ere. Så er det ikke det, vi skal gå efter.",14,RebekkaR
Pair22,3,B,(0:54:02.5),Skal vi prøve stadigvæk? Indtil vi har et system.,14,RebekkaR
Pair22,3,A,(0:54:04.5),Ja. Ifølge blå-grøn-systemet så skulle dét der være en 4'er.,14,RebekkaR
Pair22,3,B,(0:54:09.9),Mmm.,14,RebekkaR
Pair22,3,A,(0:54:12.0),Det var en 2'er. Den havde sure øjne og pletter.,15,RebekkaR
Pair22,3,B,(0:54:17.4),Nå.,15,RebekkaR
Pair22,3,A,(0:54:18.7),Ifølge blå-grøn-systemet skulle det være en 2'er.,15,RebekkaR
Pair22,3,B,(0:54:23.4),Ja.,15,RebekkaR
Pair22,3,A,(0:54:28.3),Og det skulle være en 4'er.,16,RebekkaR
Pair22,3,B,(0:54:31.4),Fordi at øjnene-,16,RebekkaR
Pair22,3,A,(0:54:32.8),Mmm.,16,RebekkaR
Pair22,3,A,(0:54:38.1),Så slapsvans med sure det er en 2'er. Det er dén der også.,17,RebekkaR
Pair22,3,A,(0:54:46.9),Nu er jeg helt lost i systemet. Fuldstændig.,18,RebekkaR
Pair22,3,B,(0:54:54.4),Et eller 2'er den der. Har armene stadig-,18,RebekkaR
Pair22,3,A,(0:54:57.6),"Den skulle have været 3'er, hvis det havde været det system, som jeg troede før.",18,RebekkaR
Pair22,3,B,(0:55:02.6),Ja fordi den er grøn og har glade øjne. Men så pletterne... Skal vi prøve 3?,18,RebekkaR
Pair22,3,A,(0:55:11.5),"Den skulle ignoreres. Så måske er det pletterne, der er afgørende nu. Og pletterne er 1 og 2, og uden pletter er 3 og 4. Og så er det bare tilfældigt, at den kun har været blå i starten. Skal vi prøve? Så er det her en 3'er, fordi den ikke har pletter og har venlige øjne.",18,RebekkaR
Pair22,3,B,(0:55:26.6),Ja.,18,RebekkaR
Pair22,3,A,(0:55:31.9),"Og dét der det er venlige øjne og pletter, så det er en 1'er.",19,RebekkaR
Pair22,3,B,(0:55:36.0),Ja...,19,RebekkaR
Pair22,3,A,(0:55:41.0),Venlige øjne og uden pletter - det er en 3'er.,20,RebekkaR
Pair22,3,A,(0:55:48.1),Venlige øjne og pletter - det er en 1'er.,21,RebekkaR
Pair22,3,A,(0:56:06.2),Denne her skulle være- det er enten en 2'er eller en 4'er det her.,22,RebekkaR
Pair22,3,B,(0:56:11.1),"Ja for den har de sure øjne, pletter...",22,RebekkaR
Pair22,3,A,(0:56:15.4),"Pletter indikerer i forhold til det nye system, at det er en 2'er. Og det gamle system med at den er grøn og at det er en 4'er. Jeg tror også, at vi har haft den før. Og der sagde den 4.",22,RebekkaR
Pair22,3,B,(0:56:28.8),Så prøv.,22,RebekkaR
Pair22,3,A,(0:56:34.5),Og igen.,23,RebekkaR
Pair22,3,B,(0:56:35.4),Mmm.,23,RebekkaR
Pair22,3,A,(0:56:40.1),Og igen.,24,RebekkaR
Pair22,3,B,(0:56:41.2),Men der har den ingen pletter.,24,RebekkaR
Pair22,3,A,(0:56:42.4),Nej. Det er stadigvæk en 4'er. Tror jeg.,24,RebekkaR
Pair22,3,B,(0:56:48.3),"Men var det så 3 og 4 med pletter, eller 1 og 2, eller kunne vi også hurtigt skyde det ned? For den har øjne, og så i forhold til den anden- at den ikke har pletter nu.",24,RebekkaR
Pair22,3,A,(0:57:00.4),Ja. Men derfor kan den godt stadigvæk være i den samme kategori selvom de ikke her ens.,24,RebekkaR
Pair22,3,B,(0:57:05.4),"Jaja, det er rigtigt nok.",24,RebekkaR
Pair22,3,A,(0:57:06.2),Der er jo ikke kun 4 forskellige.,24,RebekkaR
Pair22,3,B,(0:57:08.2),"Men det var om vi skulle tænke på, om det har betydning for, om det var et andet tal nu.",24,RebekkaR
Pair22,3,A,(0:57:12.3),"Jeg prøver at trykke 4, og så kan vi se, hvad svaret bliver. Så kan vi se, om de der pletter har en betydning.",24,RebekkaR
Pair22,3,A,(0:57:18.4),Det har de ikke. En 1'er.,25,RebekkaR
Pair22,3,B,(0:57:24.4),"Pletter, ja.",25,RebekkaR
Pair22,3,B,(0:57:28.9),Har pletterne så ingen betydning generelt?,26,RebekkaR
Pair22,3,A,(0:57:31.2),Det ved jeg ikke. Det er en 3'er.,26,RebekkaR
Pair22,3,B,(0:57:33.5),Ja.,26,RebekkaR
Pair22,3,A,(0:57:38.9),Det er en 2'er.,27,RebekkaR
Pair22,3,B,(0:57:41.1),Ja for armene - dem  skal vi ikke. Men øjnene...,27,RebekkaR
Pair22,3,A,(0:57:47.3),Vi prøver 2.,27,RebekkaR
Pair22,3,B,(0:57:51.7),"Tror du vi skal kigge efter øjne-. Det er jo det samme, er det ikke?",28,RebekkaR
Pair22,3,A,(0:57:54.5),Jo.,28,RebekkaR
Pair22,3,A,(0:57:59.8),Det er en 4'er.,29,RebekkaR
Pair22,3,A,(0:58:04.6),"Jeg tror, altså som jeg sagde før, at der er nogle, som bare stikker ud for at genere. Fordi de har været der før.",30,RebekkaR
Pair22,3,B,(0:58:12.3),Det kan godt ske.,30,RebekkaR
Pair22,3,A,(0:58:13.0),Det er en 2'er. Ikk'?,30,RebekkaR
Pair22,3,B,(0:58:18.2),Nu tør jeg næsten. Jo vi må gå ud fra øjnene.,30,RebekkaR
Pair22,3,A,(0:58:24.5),Ja. Og at den er blå.,30,RebekkaR
Pair22,3,B,(0:58:28.1),Nu kører du lidt den med blå/grøn?,31,RebekkaR
Pair22,3,A,(0:58:32.1),"Ja, fordi det er altså kun én, hvor det ikke har været blå/grøn.",31,RebekkaR
Pair22,3,B,(0:58:34.7),Mmm. Så vi er oppe i 3/4 her?,31,RebekkaR
Pair22,3,A,(0:58:37.3),Ja. En 4'er fordi den har (?søde?) øjne.,31,RebekkaR
Pair22,3,B,(0:58:39.3),Ja.,31,RebekkaR
Pair22,3,A,(0:58:44.8),"Det er den eneste grønne, der har været en 2'er. Det var også sådan, den så ud før.",32,RebekkaR
Pair22,3,B,(0:58:46.3),Dén der den har så bare skiftet fra blå-,32,RebekkaR
Pair22,3,A,(0:58:48.8),Det er en 2'er.,32,RebekkaR
Pair22,3,A,(0:58:55.9),Dét er en 1'er.,33,RebekkaR
Pair22,3,B,(0:58:57.5),Ja.,33,RebekkaR
Pair22,3,A,(0:59:02.8),Og det er også en 1'er. Det er den samme bare med store arme.,34,RebekkaR
Pair22,3,B,(0:59:07.1),"Ja, det er jo det.",34,RebekkaR
Pair22,3,A,(0:59:12.2),Det er en 3'er.,35,RebekkaR
Pair22,3,B,(0:59:13.0),Så er den blevet grøn med store øjne.,35,RebekkaR
Pair22,3,A,(0:59:16.5),Ja.,35,RebekkaR
Pair22,3,A,(0:59:21.4),Og det er en 2'er.,36,RebekkaR
Pair22,3,B,(0:59:22.7),Ja.,36,RebekkaR
Pair22,3,B,(0:59:28.4),Nu har den så fået pletter. Det betyder ikke noget i den anden.,37,RebekkaR
Pair22,3,A,(0:59:32.3),"Nej det betyder ikke noget for den grønne. Men måske gør det for den blå. Skal vi prøve at se, om det er en 2'er?",37,RebekkaR
Pair22,3,B,(0:59:36.3),Altså... Ja.,37,RebekkaR
Pair22,3,A,(0:59:44.3),Det er en 4'er.,38,RebekkaR
Pair22,3,A,(0:59:50.9),Det er en 2'er.,39,RebekkaR
Pair22,3,B,(0:59:51.7),Det betyder ikke noget.,39,RebekkaR
Pair22,3,A,(0:59:51.8),"Nej, det er en 4'er.",39,RebekkaR
Pair22,3,A,(1:00:01.8),Det er en 1'er.,40,RebekkaR
Pair22,3,A,(1:00:06.9),Det er en 2'er!,41,RebekkaR
Pair22,3,B,(1:00:08.1),Den er den grønne vi skal have på 2.,41,RebekkaR
Pair22,3,A,(1:00:13.6),Og det er en 1'er.,42,RebekkaR
Pair22,3,B,(1:00:15.0),Ja.,42,RebekkaR
Pair22,3,A,(1:00:19.6),Og det er en 1'er.,43,RebekkaR
Pair22,3,A,(1:00:26.2),Det er en 4'er.,44,RebekkaR
Pair22,3,B,(1:00:28.1),Den har øjnene.,44,RebekkaR
Pair22,3,A,(1:00:33.5),Og det er en 3'er.,45,RebekkaR
Pair22,3,B,(1:00:33.9),Ja.,45,RebekkaR
Pair22,3,A,(1:00:36.0),Hvorfor var det en 4'er?,46,RebekkaR
Pair22,3,B,(1:00:38.1),Fordi den havde pletter. Er det så en 2'er?,46,RebekkaR
Pair22,3,A,(1:00:42.6),Tre.,46,RebekkaR
Pair22,3,B,(1:00:43.9),Men har den ikke pletter - og så gik den over i...? Eller var det den med de sure øjne?,46,RebekkaR
Pair22,3,A,(1:00:50.4),Det er den med de sure øjne.,46,RebekkaR
Pair22,3,B,(1:00:51.2),Ja.,46,RebekkaR
Pair22,3,A,(1:00:51.6),Det er en 3'er denne her.,46,RebekkaR
Pair22,3,A,(1:01:02.1),"Det er en 1'er. Men bliver den 2'er, fordi den er sur? Er det en 2'er?",47,RebekkaR
Pair22,3,B,(1:01:10.5),Ja.,47,RebekkaR
Pair22,3,A,(1:01:16.5),Det er 2'eren.,48,RebekkaR
Pair22,3,B,(1:01:17.2),"Ja det er den, der er gået over og blevet en 2'er.",48,RebekkaR
Pair22,3,A,(1:01:18.4),Ja.,48,RebekkaR
Pair22,3,A,(1:01:24.7),Og det er også en 2'er. Sure øjne og pletter.,49,RebekkaR
Pair22,3,B,(1:01:29.1),Det må det jo være.,49,RebekkaR
Pair22,3,A,(1:01:34.3),Det er en-.,50,RebekkaR
Pair22,3,B,(1:01:35.8),Der har den jo ikke pletter.,50,RebekkaR
Pair22,3,A,(1:01:38.6),Nej men var de sure øjne ikke 2'ere for de blå generelt?,50,RebekkaR
Pair22,3,B,(1:01:41.8),"Jo, det tænkte jeg også. Det betyder ikke noget med de pletter der for de blå, vel?",50,RebekkaR
Pair22,3,A,(1:01:44.8),Nej.,50,RebekkaR
Pair22,3,A,(1:01:49.6),"Nå måske for de blå er det pletter. Og 2'eren er bare altid pletter. Dét der det er en 3'er. Nej, en 1'er!",51,RebekkaR
Pair22,3,B,(1:01:54.3),Den er blå jo.,51,RebekkaR
Pair22,3,A,(1:01:55.5),"Det er en 1'er, ikke?",51,RebekkaR
Pair22,3,B,(1:01:56.6),Jo.,51,RebekkaR
Pair22,3,A,(1:02:01.6),Og en 1'er.,52,RebekkaR
Pair22,3,B,(1:02:03.9),Ja for den er stadig den samme.,52,RebekkaR
Pair22,3,A,(1:02:07.1),Den har små arme - det var forskellen. Forskellen fra den der var der før det var store og små arme. Små arme er to.,53,RebekkaR
Pair22,3,B,(1:02:18.3),Den går så over og er 4.,53,RebekkaR
Pair22,3,A,(1:02:20.3),"Dét der det er den, som jeg hele tiden tager som 4, men som i virkeligheden er en 2'er.",53,RebekkaR
Pair22,3,B,(1:02:30.0),"Som går så over, fordi den har plet-. Eller det ved vi så ikke... Eller er det armene?",53,RebekkaR
Pair22,3,A,(1:02:31.9),"Åh gud! Eller er det den, der har små arme, der går over og-? Dét der - det er en 4'er.",53,RebekkaR
Pair22,3,B,(1:02:36.4),Ja.,53,RebekkaR
Pair22,3,A,(1:02:42.7),"Den er magen til, bare i grøn. Det er en 2'er.",54,RebekkaR
Pair22,3,B,(1:02:44.3),Ja den er blå.,54,RebekkaR
Pair22,3,A,(1:02:46.1),"Ja, blå.",54,RebekkaR
Pair22,3,A,(1:02:52.6),"Det er en 3'er. Den søde, søde-",55,RebekkaR
Pair22,3,B,(1:02:56.7),"Ja det er øjnene, der gør det.",55,RebekkaR
Pair22,3,A,(1:02:57.3),Ja.,55,RebekkaR
Pair22,3,B,(1:03:02.9),"Var det den, der blev-",56,RebekkaR
Pair22,3,A,(1:03:03.3),Den der var 4 før. Det er det igen nu.,56,RebekkaR
Pair22,3,B,(1:03:07.2),"Ja, det er jo det samme. Altså det er samme arme som den før.",56,RebekkaR
Pair22,3,A,(1:03:11.8),Det er en 1'er.,57,RebekkaR
Pair22,3,A,(1:03:18.7),Det er en 3'er.,58,RebekkaR
Pair22,3,B,(1:03:20.2),Ja en grøn med-,58,RebekkaR
Pair22,3,A,(1:03:21.4),"3, ikke?",58,RebekkaR
Pair22,3,B,(1:03:22.8),Jo.,58,RebekkaR
Pair22,3,A,(1:03:33.8),Små arme er en 1'er eller en 2'er.,59,RebekkaR
Pair22,3,B,(1:03:37.1),"Var den dén, der var 2'er?",59,RebekkaR
Pair22,3,A,(1:03:47.6),Det er en 2'er.,59,RebekkaR
Pair22,3,B,(1:03:48.2),Ja.,59,RebekkaR
Pair22,3,A,(1:03:54.2),Det er en 2'er.,60,RebekkaR
Pair22,3,B,(1:03:55.1),Ja.,60,RebekkaR
Pair22,3,B,(1:03:58.0),Så var armene- det var oppe og nede...,61,RebekkaR
Pair22,3,A,(1:04:01.3),"Nej, så er det ikke dem, der betyder noget. Det er en 4'er.",61,RebekkaR
Pair22,3,B,(1:04:05.9),"Det var ikke den, der gik over-?",61,RebekkaR
Pair22,3,A,(1:04:07.6),Nej så skal den have pletter. Ikk'?,61,RebekkaR
Pair22,3,B,(1:04:09.2),"Så skal den have pletter. Jo, det var det, der betød noget.",61,RebekkaR
Pair22,3,A,(1:04:18.4),Det er en 1'er.,62,RebekkaR
Pair22,3,A,(1:04:25.4),Det er en 3'er. Medmindre at de der pletter betyder noget.,63,RebekkaR
Pair22,3,B,(1:04:29.6),"Ja, men der er øjnene. Var det ikke kun de sure der, synes vi? Men gik denne der også med...?",63,RebekkaR
Pair22,3,A,(1:04:35.3),"Skal vi se, hvad der sker med en 3'er?",63,RebekkaR
Pair22,3,B,(1:04:36.9),Jamen betyder øjnene noget?,63,RebekkaR
Pair22,3,A,(1:04:39.1),"Det er det, jeg tror, de gør.",63,RebekkaR
Pair22,3,B,(1:04:42.3),Vi er enten ovre i 2 eller 3 så.,63,RebekkaR
Pair22,3,A,(1:04:45.0),"Ja. Jeg tror det er en 3'er. Men det kan godt være, det er en 2'er.",63,RebekkaR
Pair22,3,A,(1:04:56.1),Den ville jeg sige er en 2'er.,64,RebekkaR
Pair22,3,B,(1:04:58.9),Ja.,64,RebekkaR
Pair22,3,A,(1:05:04.4),Og en 1'er.,65,RebekkaR
Pair22,3,B,(1:05:05.0),Ja den må ignoreres.,65,RebekkaR
Pair22,3,A,(1:05:11.2),Og en 2'er.,66,RebekkaR
Pair22,3,B,(1:05:11.4),2'er.,66,RebekkaR
Pair22,3,A,(1:05:16.6),1'er.,67,RebekkaR
Pair22,3,B,(1:05:17.6),Ja.,67,RebekkaR
Pair22,3,B,(1:05:22.0),Et. Var det ikke?,68,RebekkaR
Pair22,3,A,(1:05:25.3),Jeg tror det er en 2'er.,68,RebekkaR
Pair22,3,B,(1:05:26.0),"Jamen var det ikke lige den, som vi tog før?",68,RebekkaR
Pair22,3,A,(1:05:26.9),Jamen jeg kan ikke huske det! Jeg kan ikke kende dem fra hinanden. Skal vi sige 1?,68,RebekkaR
Pair22,3,B,(1:05:30.1),"Ja, prøv det.",68,RebekkaR
Pair22,3,A,(1:05:36.5),Det er en 3'er.,69,RebekkaR
Pair22,3,A,(1:05:53.6),Det er en 3'er.,70,RebekkaR
Pair22,3,B,(1:05:54.6),Ja.,70,RebekkaR
Pair22,3,A,(1:06:00.6),1'er.,71,RebekkaR
Pair22,3,A,(1:06:07.4),Fire.,71,RebekkaR
Pair22,3,B,(1:06:08.1),"Den har ikke pletter, så den går ikke over i noget andet.",71,RebekkaR
Pair22,3,A,(1:06:09.7),"Nej, det er en 4'er.",71,RebekkaR
Pair22,3,B,(1:06:11.2),Ja.,71,RebekkaR
Pair22,3,A,(1:06:16.6),Tre.,73,RebekkaR
Pair22,3,B,(1:06:16.8),"Tre, ja.",73,RebekkaR
Pair22,3,A,(1:06:21.3),Tre.,74,RebekkaR
Pair22,3,A,(1:06:25.8),Tre.,75,RebekkaR
Pair22,3,B,(1:06:26.3),Vent-,75,RebekkaR
Pair22,3,A,(1:06:33.5),Dét er en 2'er.,76,RebekkaR
Pair22,3,A,(1:06:38.9),Det er en 1'er.,77,RebekkaR
Pair22,3,B,(1:06:49.9),"Det er i hvert fald ikke her oppe, for det tog vi jo lige før.",77,RebekkaR
Pair22,3,A,(1:06:52.0),Ja. Vi tog en 3'er før. Jeg tror det er en 1'er.,77,RebekkaR
Pair22,3,A,(1:07:02.2),Det er en 2'er. Ikk'?,78,RebekkaR
Pair22,3,B,(1:07:06.6),"Jo, den har ikke... Jo.",78,RebekkaR
Pair22,3,A,(1:07:11.8),Og det er en 1'er.,79,RebekkaR
Pair22,3,B,(1:07:13.9),"Ja, for den har de der øjne.",79,RebekkaR
Pair22,3,A,(1:07:20.5),Det er en 2'er.,80,RebekkaR
Pair22,3,B,(1:07:21.8),Ja.,80,RebekkaR
Pair22,3,A,(1:07:27.4),Dét er en 4'er.,81,RebekkaR
Pair22,3,A,(1:07:33.3),Og det er en 1'er.,82,RebekkaR
Pair22,3,B,(1:07:39.2),"Så har den- det var denne her, der gik over og var en 2'er, ikke?",83,RebekkaR
Pair22,3,A,(1:07:42.6),Det er en 4'er.,83,RebekkaR
Pair22,3,B,(1:07:45.3),Fordi den ikke havde pletter?,83,RebekkaR
Pair22,3,A,(1:07:46.2),"Mmm. Jeg er i tvivl nu, men den grønne med sure øjne - hvis den ikke har pletter - har været en 4'er.",83,RebekkaR
Pair22,3,B,(1:07:55.8),Også når de-,83,RebekkaR
Pair22,3,A,(1:07:56.5),"Jamen jeg ved ikke, når den har armene nedad - skal vi se, om det er armene, der bestemmer, og så kalde den en 2'er?",83,RebekkaR
Pair22,3,B,(1:08:01.2),Prøv.,83,RebekkaR
Pair22,3,A,(1:08:08.1),Dét er en 1'er.,84,RebekkaR
Pair22,3,A,(1:08:09.3),"Nej! Nå, det var pletterne, der bestemte. Det er en 1'er.",85,RebekkaR
Pair22,3,A,(1:08:18.5),Og en 3'er.,86,RebekkaR
Pair22,3,A,(1:08:22.3),"Hvad fanden, er det armene, der bestemmer?",87,RebekkaR
Pair22,3,B,(1:08:25.6),De er oppe.,87,RebekkaR
Pair22,3,A,(1:08:26.3),Det er en 4'er så?,87,RebekkaR
Pair22,3,B,(1:08:27.9),Ja.,87,RebekkaR
Pair22,3,B,(1:08:33.1),Armene oppe...,88,RebekkaR
Pair22,3,A,(1:08:34.8),Dét er en 4'er.,88,RebekkaR
Pair22,3,B,(1:08:40.6),Det er en 3'er.,89,RebekkaR
Pair22,3,A,(1:08:41.3),1'er.,89,RebekkaR
Pair22,3,B,(1:08:42.5),"Når jo, det er jo fordi den er blå.",89,RebekkaR
Pair22,3,A,(1:08:51.6),Det er den samme med pletter - skal vi kalde den en 2'er denne her gang?,90,RebekkaR
Pair22,3,B,(1:08:53.4),Ja.,90,RebekkaR
Pair22,3,A,(1:08:53.8),Jeg tror jeg kaldte den en 1'er før.,90,RebekkaR
Pair22,3,A,(1:09:00.2),Og det er en 3'er.,91,RebekkaR
Pair22,3,B,(1:09:03.5),"Ja for der har vi øjnene, men nedad.",91,RebekkaR
Pair22,3,A,(1:09:08.4),"Jeg tror altså ikke de der arme har så meget at sige. Jeg tror øjnene, fordi den er grøn - så er det en 3'er.",91,RebekkaR
Pair22,3,B,(1:09:17.9),Den skal være 1.,92,RebekkaR
Pair22,3,A,(1:09:19.2),Et.,92,RebekkaR
Pair22,3,A,(1:09:23.6),Og en 1'er igen.,93,RebekkaR
Pair22,3,B,(1:09:29.2),Nu har den fået pletter.,94,RebekkaR
Pair22,3,A,(1:09:30.1),En 3'er?,94,RebekkaR
Pair22,3,B,(1:09:31.8),Jamen tror du pletterne gør noget?,94,RebekkaR
Pair22,3,A,(1:09:33.4),Jeg ved det ikke. Ja.,94,RebekkaR
Pair22,3,B,(1:09:34.6),Men tror du den går over i 3? Eller er det bare...,94,RebekkaR
Pair22,3,A,(1:09:37.7),Det er ikke en 2'er. Det er jeg ret sikker på. Jeg ville sige det er en 3'er.,94,RebekkaR
Pair22,3,B,(1:09:50.4),"Men vi er enige om, den ændrer sig fra 1, fordi den har fået pletter.",94,RebekkaR
Pair22,3,A,(1:09:53.1),Så kalder vi den 3.,94,RebekkaR
Pair22,3,A,(1:10:01.2),Det er en 2'er.,95,RebekkaR
Pair22,3,B,(1:10:14.1),"Var det ikke den, vi havde? Vi troede det var en 3'er; vi skulle bare ignorere den.",96,RebekkaR
Pair22,3,A,(1:10:16.6),Vi ignorerer.,96,RebekkaR
Pair22,3a,B,(1:10:28.9),"Armene oppe. Var det ikke den, vi siger 3?",97,RebekkaR
Pair22,3a,A,(1:10:32.7),Det er en 4'er.,97,RebekkaR
Pair22,3a,B,(1:10:33.4),"Det er 4'er, fordi... Armene oppe og?",97,RebekkaR
Pair22,3a,A,(1:10:36.6),"Og glade øjne. Når nej, 3!",97,RebekkaR
Pair22,3a,B,(1:10:38.7),"Men er det det, der er røget ind-",97,RebekkaR
Pair22,3a,A,(1:10:41.0),"Er de ikke glade, dem der? Jo, jo. Jeg tror, det er en 3'er. Tror du ikke det?",97,RebekkaR
Pair22,3a,B,(1:10:58.5),Den har så-,98,RebekkaR
Pair22,3a,A,(1:10:59.8),"Det er en 2'er. Det er den, vi hele tiden har troet var en 4'er. Når nej. Det er en 3'er. Ja, for det er den, der har store muskler i den anden udgave.",98,RebekkaR
Pair22,3a,B,(1:11:08.9),"Ja, men så har den pletter - gik den så over- det gjorde den ikke, fordi den...",98,RebekkaR
Pair22,3a,A,(1:11:11.3),"Nej, ikke når den havde store arme, vel? Tre. Jeg kalder den en 3'er.",98,RebekkaR
Pair22,3a,B,(1:11:17.6),Prøv.,98,RebekkaR
Pair22,3a,B,(1:11:23.6),Den er så nede.,99,RebekkaR
Pair22,3a,A,(1:11:25.1),Ned og pletter.,99,RebekkaR
Pair22,3a,B,(1:11:26.8),"To. Var det ikke den, der ændrede sig?",99,RebekkaR
Pair22,3a,A,(1:11:29.4),"Jeg tror faktisk, det er en 1'er. Fordi jeg tror det er den med de sure øjne, der er en 2'er - hvor de går nedad. Jeg prøver en 1'er, er det okay?",99,RebekkaR
Pair22,3a,B,(1:11:39.9),Ja.,99,RebekkaR
Pair22,3a,A,(1:11:45.2),Det er sure øjne. Og armene opad. Og pletter. Det er en 2'er.,100,RebekkaR
Pair22,3a,B,(1:11:50.6),2'er.,100,RebekkaR
Pair22,3a,A,(1:11:57.3),Det er en 1'er.,101,RebekkaR
Pair22,3a,B,(1:11:59.0),"Ja det er dem, vi bare kan... Dem med store øjne, blå - var det ikke dem, vi bare sagde 1?",101,RebekkaR
Pair22,3a,A,(1:12:09.8),Jo.,101,RebekkaR
Pair22,3a,A,(1:12:16.7),Det er en 4'er. Og det er jeg 100% sikker på.,102,RebekkaR
Pair22,3a,A,(1:12:24.6),"Og det er en 1'er. Det er den samme som før, bare med armene nede.",103,RebekkaR
Pair22,3a,A,(1:12:35.8),Det er en 2'er.,104,RebekkaR
Pair22,3a,B,(1:12:36.6),Ja.,104,RebekkaR