doc_id,participant,content,Turn,lemmas,PoS,LexicalAlignmentTokens,LexicalAlignmentLemmas,SyntacticAlignment2,SyntacticAlignment3,SyntacticAlignment4,SemanticAlignment
4,B,oh um okee het is laat maar zeggen dat hoofdplatform ,1,oh um okee het zijn laat maar zeggen dat hoofdplatform,ADJ ADJ NUM PRON AUX ADJ ADV VERB SCONJ NOUN,NA,NA,NA,NA,NA,NA
4,A,ja,2,ja,INTJ,0,0,0,0,0,0.6647304867083036
4,B,um met daaromheen uit- een uitsteek- steeksel aan de linkerkant,3,um met daaromheen uit- een uitsteek- steeksel aan de linkerkant,ADJ ADP ADV X DET X NOUN ADP DET NOUN,0,0,NA,NA,NA,0.32771970605869166
4,A,ja,4,ja,INTJ,0,0,0,0,0,0.32771970605869166
4,B,het is een rond uitsteeksel,5,het zijn een rond uitsteeksel,PRON AUX DET ADP NOUN,0,0,NA,NA,NA,0.27767216410892925
4,A,staan er twee streepjes op dat dingetje?,6,staan er twee streep op dat dingen ?,VERB ADV NUM NOUN ADP DET NOUN PUNCT,0,0,NA,NA,NA,0.7401437424331545
4,B,nee één,7,nee één,INTJ NUM,0,0,NA,0,0,0.4993374635739938
4,A,oh (#m#),8,oh ( #m# ),NOUN PUNCT NOUN PUNCT,0,0,NA,0,0,0.32494604582585546
4,B,en dan boven steekt dus laat maar zeggen zo'n ja op de kop zo'n kegel uit (en) daarachter een cirkel zit daaraan vastgebonden,9,en dan boven steekt dus laten maar zeggen zo'n ja op de kop zo'n kegel uit ( en ) daarachter een cirkel zitten daaraan vastgebonden,CCONJ ADV ADP VERB ADV VERB CCONJ VERB PRON INTJ ADP DET NOUN DET NOUN ADP PUNCT CCONJ PUNCT ADV DET NOUN VERB ADV NOUN,0,0,NA,NA,NA,0.39556047935195543
4,A,even kijken hoe was het platformpje met twee pootjes?,10,even kijken hoe zijn het platform met twee poo ?,ADV VERB ADV AUX DET NOUN ADP NUM NOUN PUNCT,0,0,0.4374999999999999,0.08247860988423225,NA,0.764193094700799
4,B,nee dus het staat op ja nee het staat dus op een ja uh ja zo'n rond ja kijk zo zo'n rond opzetstukje het is een ja,11,nee dus het staan op ja nee het staan dus op een ja uh ja zo'n rond ja kijken zo zo'n rond opzetstuk het zijn een ja,INTJ ADV PRON VERB ADP INTJ INTJ PRON VERB ADV ADP DET INTJ ADV INTJ PRON ADP INTJ VERB ADV PRON ADP NOUN PRON AUX DET INTJ,0.12216944435630522,0.20361574059384205,0.16366341767699427,NA,NA,0.5973684546243601
4,A,ook niet ja,12,ook niet ja,ADV ADV INTJ,0.3526728079292991,0.3526728079292991,0.10910894511799617,NA,0,0.9222110461053201
4,B,het is niet een cirkel maar langwerpig soort,13,het zijn niet een cirkelen maar langwerpig soort,PRON AUX ADV DET NOUN ADV ADJ NOUN,0.20412414523193148,0.20412414523193148,NA,NA,NA,0.6280837191905255
4,A,je hebt zeg maar de hoofdbak bij elk plaatje,14,je hebben zeggen maar de hoofdbak bij elk plaatje,PRON VERB VERB ADV DET NOUN ADP DET NOUN,0.1178511301977579,0.1178511301977579,0.35856858280031806,0.1543033499620919,NA,0.7616232175908665
4,B,ja en die staat op een ja die staat op een op op zo'n vorm,15,ja en die staan op een ja die staan op een op op zo'n vorm,INTJ CCONJ PRON VERB ADP DET NOUN PRON VERB ADP DET ADP ADP DET NOUN,0,0,0.558156305651438,0.17342199390482396,NA,0.7959044864606223
4,A,ja okee,16,ja okee,INTJ NOUN,0.23904572186687872,0.23904572186687872,NA,0,0,0.5769013453266975
4,B,en dan aan de zijkant aan de linkerkant,17,en dan aan de zijkant aan de linkerkant,CCONJ ADV ADP DET NOUN ADP DET NOUN,0,0,NA,NA,NA,0.30902143834403784
4,A,ja,18,ja,INTJ,0,0,0,0,0,0.3149020150260557
4,B,um heb je een cirkel dat laat maar zeggen uitsteekt dus ja dit #laughs# ,19,um hebben je een cirkel dat laten maar zeggen uitsteekken dus ja dit #laughs #,ADJ AUX PRON DET NOUN PRON VERB CCONJ VERB VERB ADV INTJ DET NOUN PUNCT,0.2672612419124244,0.2672612419124244,NA,NA,NA,0.616248861260895
4,A,ja ja #laughs#,20,ja ja #laughs #,INTJ INTJ NOUN PUNCT,0.35856858280031806,0.35856858280031806,NA,NA,0,0.616248861260895
4,B,en daar bovenop een op een kegel op de kop,21,en daar bovenop een op een kegel op de kop,CCONJ ADV ADV DET ADP DET NOUN ADP DET NOUN,0,0,NA,NA,NA,0.3407768086808109
4,A,ja,22,ja,INTJ,0,0,0,0,0,0.3407768086808109
4,B,en daarachter nog een uh cirkelplateau dat wel,23,en daarachter nog een uh cirkelplateau dat wel,CCONJ ADV ADV DET ADJ NOUN PRON ADV,0,0,NA,NA,NA,0.603836745753672
4,A,ja okee dan weet ik welke het is,24,ja okee dan weten ik welk het zijn,INTJ NUM ADV VERB PRON PRON PRON VERB,0,0,NA,NA,NA,0.8346032037045156
4,B,okee,25,okee,NOUN,0.35355339059327373,0.35355339059327373,0,0,0,0.5555150064033834
4,A,dat is nummer *5*,26,dat zijn nummer *5 *,PRON AUX NOUN SYM PUNCT,0,0,NA,NA,NA,0.31219861398761634
4,B,ja ik heb alleen maar a b c d,27,ja ik hebben alleen maar a b c d,INTJ PRON AUX ADV ADV X NOUN SYM VERB,0,0,0.40824829046386296,NA,NA,0.46059714165676957
4,A,ja volgens mij moet ik hem gewoon noemen en dan drukken #laughs#,28,ja volgens mij moeten ik hem gewoon noemen en dan drukken #laughs #,INTJ ADP PRON AUX PRON PRON ADJ VERB CCONJ ADV VERB NOUN PUNCT,0.19245008972987526,0.19245008972987526,0.10660035817780521,NA,NA,0.6553076138062066
4,B,oh zo #laughs#,29,oh zo #laughs #,ADJ ADV NOUN PUNCT,0.16666666666666669,0.16666666666666669,NA,NA,0,0.6586923753655304
4,A,ja dat is nummer *5*,30,ja dat zijn nummer *5 *,INTJ PRON AUX NOUN SYM PUNCT,0,0,NA,NA,NA,0.7658132892083931
4,B,#uh#,31,#uh#,NOUN,0,0,0,0,0,NaN
4,A,okee nou zie ik inderdaad een vierkant um ik heb dus uh die hoofdbak weer gewoon die je op elk plaatje ziet dan heb ik een soort ronde neus op de voorkant en daar ja dat noem ik maar even een piercing zit een staaf doorheen,32,okee nou zien ik inderdaad een vierkant um ik hebben dus uh die hoofdbak weer gewoon die je op elk plaat zien dan hebben ik een soort rond neus op de voorkant en daar ja dat noem ik maar even een piercing zitten een staaf doorheen,ADV ADV VERB PRON ADV DET ADJ NOUN PRON AUX ADV ADV PRON ADV ADV ADJ PRON PRON ADP DET NOUN VERB ADV AUX PRON DET NOUN ADJ NOUN ADP DET NOUN CCONJ ADV INTJ PRON VERB PRON ADV ADV DET NOUN VERB DET NOUN ADP,0,0,NA,NA,NA,NaN
4,B,ja,33,ja,INTJ,0.11470786693528087,0.11322770341445956,0,0,0,0.5953131506428387
4,A,en aan de rechterkant van die staaf zit een cirkeltje,34,en aan de rechterkant van die staaf zitten een cirkel,CCONJ ADP DET NOUN ADP DET NOUN VERB DET NOUN,0,0,NA,NA,NA,0.2689668790540359
4,B,je hebt een cirkelplateau aan de voorkant?,35,je hebben een cirkelplateau aan de voorkant ?,PRON VERB DET NOUN ADP DET NOUN PUNCT,0.35856858280031806,0.35856858280031806,0.8574929257125441,0.7071067811865475,0.3779644730092272,0.8780375530792932
4,A,uh nee ik heb geen plateau ik heb dus gewoon de de bak,36,uh nee ik hebben geen plateau ik hebben dus gewoon de de bak,ADV INTJ PRON VERB DET NOUN PRON AUX ADV ADJ DET DET NOUN,0.17342199390482396,0.3468439878096479,0.5669467095138409,0.26967994498529685,0.15811388300841897,0.7799846375634307
4,B,ja,37,ja,INTJ,0,0,0,0,0,0.6535086755224246
4,A,um met een ronde neus een rond een soort ei eigenlijk,38,um met een rond neus een rond een soort eus eigenlijk,ADJ ADP DET ADJ NOUN DET ADP DET NOUN VERB ADJ,0,0,NA,NA,NA,0.2689682001485245
4,B,ja,39,ja,INTJ,0,0,0,0,0,0.2689682001485245
4,A,aan de voorkant van die bak,40,aan de voorkant van die bak,ADP DET NOUN ADP DET NOUN,0,0,NA,NA,NA,0.1881267428977593
4,B,ja,41,ja,INTJ,0,0,0,0,0,0.1881267428977593
4,A,en door dat ei zit een uh staaf gewoon een ja een uh een staaf erdoorheen,42,en door dat eus zitten een uh staaf gewoon een ja een uh een staaf erdoorheen,CCONJ ADP DET NOUN VERB DET NOUN VERB ADJ DET INTJ DET NOUN DET NOUN ADV,0.17677669529663687,0.17677669529663687,NA,NA,NA,0.6586269702639329
4,B,oh ja,43,oh ja,ADJ INTJ,0.12499999999999997,0.12499999999999997,NA,0,0,0.6624785982028171
4,A,en dan aan de rechterkant van die staaf zit een cirkeltje opgeplakt ,44,en dan aan de rechterkant van die staaf zitten een cirkel opgeplken,CCONJ ADV ADP DET NOUN ADP DET NOUN VERB DET NOUN VERB,0,0,NA,NA,NA,0.265299333783663
4,B,oh ja ik heb het *f* um ik heb dus ja je hebt dus telkens dat hoofdplateau (platform) um aan de zijkant het um wacht laat ik zo beginnen het zit door een vierkant plateau heen dat vierkant is um ja dun en dat zit er laat maar zeggen doorheen n- en dat vierkant zit niet op in het midden van het hoofdplateau uh -form maar een beetje aan de onderkant want daarboven steekt aan de linkerkant een rechthoek met een puntje daar bovenop uit,45,oh ja ik hebben het *f* um ik hebben dus ja je hebben dus telkens dat hoofdplateau ( platform ) um aan de zijkant het um wachten laten ik zo beginnen het zitten door een vierkant plateau heen dat vierkant zijn um ja dun en dat zitten er laten maar zeggen doorheen n- en dat vierkant zitten niet op in het midden van het hoofdplateau uh -form maar een beetje aan de onderkant want daarboven steekt aan de linkerkant een rechthoek met een punt daar bovenop uit,ADJ INTJ PRON AUX DET NOUN NOUN PRON AUX ADV INTJ PRON VERB ADV ADV DET NOUN PUNCT NOUN PUNCT NOUN ADP DET NOUN DET NOUN VERB VERB PRON ADV VERB PRON VERB ADP DET ADJ NOUN ADP PRON ADJ AUX ADJ INTJ ADJ CCONJ PRON VERB ADV VERB CCONJ VERB ADP X CCONJ PRON ADJ VERB ADV ADP ADP DET NOUN ADP DET NOUN ADV NOUN CCONJ DET NOUN ADP DET NOUN CCONJ ADP NOUN ADP DET NOUN DET NOUN ADP DET NOUN ADV ADV ADP,0.3359684204526464,0.3324686539693531,0.7064547692625657,0.48168766908288246,0.28097574347450816,0.8412995059118216
4,A,hm hm,46,hm hmen,ADV VERB,0,0,0.11359236684941296,0,0,0.33349727269992285
4,B,en aan de voorkant steekt ook weer zo'n cirkelvorm uit en daar bovenop op het hoofdplateau twee kleine staafjes,47,en aan de voorkant steken ook weer zo'n cirkelvorm uit en daar bovenop op het hoofdplateau twee klein staaf,CCONJ ADP DET NOUN VERB ADV ADV DET NOUN ADP CCONJ ADV ADV ADP DET NOUN NUM ADJ NOUN,0,0,NA,NA,NA,0.11514808332489221
4,A,ja twee okee dan weet ik het dat is nummer *7*,48,ja twee okee dan weten ik het dat zijn nummer *7 *,INTJ NUM NOUN ADV VERB PRON PRON PRON AUX NOUN SYM PUNCT,0.1315903389919538,0.1315903389919538,NA,NA,NA,0.7266003030090153
4,B,okee,49,okee,NOUN,0.30151134457776363,0.30151134457776363,0,0,0,0.547135547813121
4,A,um nou we hebben weer de hoofdbak daarop ligt dat ei,50,um nou we hebben weer de hoofdbak daarop liggen dat ei,ADJ ADV PRON VERB ADV DET NOUN ADV VERB SCONJ PRON,0,0,NA,NA,NA,0.34184707494074734
4,B,hm hm,51,hm hmen,ADV VERB,0,0,0.31622776601683794,0,0,0.3235199330988376
4,A,um en voor die hoofdbak uh staat een um ook weer een staaf vierkante staaf eigenlijk een rechthoek,52,um en voor die hoofdbak uh staan een um ook weer een staaf vierkant staaf eigenlijk een rechthoek,NOUN CCONJ ADP DET NOUN ADV VERB DET NOUN ADV ADV DET NOUN ADJ NOUN ADJ DET NOUN,0,0,0.17407765595569785,NA,NA,0.32246258872156724
4,B,ja,53,ja,INTJ,0,0,0,0,0,0.4589943247555944
4,A,gewoon uh op de smalle kant en door de hoofdbak zit een soort um ja een soort boordje een rond rond staafje en die maakt een hoek,54,gewoon uh op de smal kant en door de hoofdbak zitten een soort um ja een soort boord een rond rond staaf en die maken een hoek,ADJ ADV ADP DET ADJ NOUN CCONJ ADP DET NOUN VERB DET NOUN NOUN INTJ DET NOUN NOUN DET NOUN ADP NOUN CCONJ PRON VERB DET NOUN,0.14586499149789456,0.14586499149789456,NA,NA,NA,0.5341408434766591
4,B,ja ik heb hem,55,ja ik hebben hem,INTJ PRON AUX PRON,0.07293249574894728,0.07293249574894728,NA,NA,NA,0.7022646968224147
4,A,okee,56,okee,NOUN,0,0,0,0,0,0.47539910194964374
4,B,*b* um okee hoofd- uh de hoofdvorm staat op een vierkant plateau,57,*b* um okee hoofd- uh de hoofdvorm staan op een vierkant plateau,NOUN ADJ X X ADV DET NOUN VERB ADP DET ADJ NOUN,0.2886751345948129,0.2886751345948129,NA,NA,NA,0.41683318294018484
4,A,hm hm,58,hm hmen,ADV VERB,0,0,NA,0,0,0.4146535645338835
4,B,met aan de bovenkant steken er soort van ja #click click# vierkanten laat maar zeggen aan twee kanten uit dus aan de ene kant en dan (aa-) aan de voorkant zit een cirkel um,59,met aan de bovenkant steken er soort van ja #click click # vierkant laten maar zeggen aan twee kant uit dus aan de een kant en dan ( aa- ) aan de voorkant zitten een cirkel um,ADP ADP DET NOUN VERB ADV NOUN ADP INTJ X X PUNCT NOUN VERB CCONJ VERB ADP NUM NOUN ADP ADV ADP DET PRON NOUN CCONJ ADV PUNCT X PUNCT ADP DET NOUN VERB DET NOUN NOUN,0,0,NA,NA,NA,0.19484348646224675
4,A,ja ja okee dat is nummer *1* um weer de hoofdbak um ja en dan heb je een soort kwastjes dat zijn dus eigenlijk twee kwastjes eentje staat op de hoofdbak en eentje steekt linksvoor uit en dan zie je ook nog heel klein stukje van linksachter en aan de rechterkant van die hoofdbak zit een uh een figuurtje dat eigenlijk vierkantjes zijn en dan (sto-) steeds kleiner worden en het kleinste vierkantje zit aan de hoofdbak vast,60,ja ja okee dat zijn numm *1* um weer de hoofdbak um ja en dan hebben je een soort kwas dat zijn dus eigenlijk twee kwas één staan op de hoofdbak en één steekt linksvoor uit en dan zie je ook nog heel klein stuk van linksachter en aan de rechterkant van die hoofdbak zitten een uh een figuur dat eigenlijk vierkant zijn en dan ( sto- ) steeds klein worden en het klein vierkant zitten aan de hoofdbak vast,INTJ INTJ NOUN PRON AUX NOUN NOUN NOUN ADV DET NOUN ADJ INTJ CCONJ ADV AUX PRON DET NOUN NOUN PRON AUX ADV ADJ NUM NOUN NUM VERB ADP DET NOUN CCONJ NUM VERB ADP ADP CCONJ ADV VERB PRON ADV ADV ADJ ADJ NOUN ADP NOUN CCONJ ADP DET NOUN ADP DET NOUN VERB DET NOUN DET NOUN PRON ADJ NOUN AUX CCONJ ADV PUNCT X PUNCT ADV ADJ AUX CCONJ DET ADJ NOUN VERB ADP DET NOUN ADJ,0.47308177522257755,0.48991362604351285,0.6000322519956156,0.23814483610392012,0.0793519600858154,0.9502766702984753
4,B,okee zit er iets aan de bovenkant?,61,okee zitten er iets aan de bovenkant ?,ADV VERB ADV PRON ADP DET NOUN PUNCT,0.25788071477756375,0.24942329796316196,0.380058475033046,0.18257418583505536,NA,0.9037137413277189
4,A,ja een soort kwastje,62,ja een soort kwastje,INTJ DET NOUN NOUN,0,0,0.23570226039551587,NA,NA,0.6488351672201512
4,B,oh ja en aan de linkerkant en achterkant ook,63,oh ja en aan de linkerkant en achterkant ook,ADJ INTJ CCONJ ADP DET NOUN CCONJ NOUN ADV,0.15075567228888181,0.15075567228888181,0.20412414523193148,NA,NA,0.7743387067234954
4,A,ja ja,64,ja ja,INTJ INTJ,0.30151134457776363,0.30151134457776363,NA,0,0,0.7486047565491374
4,B,okee dan heb ik hem dat is *j* uh dan heb je weer die hoofdvorm en aan de voorkant heb je dus een bol of zoals jij zei een ei,65,okee dan hebben ik hem dat zijn *j* uh dan hebben je weer die hoofdvorm en aan de voorkant hebben je dus een bol of zoals jij zeggen een ei,ADV ADV AUX PRON PRON PRON AUX NOUN ADV ADV AUX PRON ADV DET NOUN CCONJ ADP DET NOUN AUX PRON ADV DET NOUN CCONJ SCONJ PRON VERB DET NOUN,0,0,NA,NA,NA,0.5486166569781523
4,A,ja,66,ja,INTJ,0,0,0,0,0,0.5486166569781523
4,B,dat uitsteekt dan heb je dus een schuine kegel op de kop die soort van op het hoofd- op de hoofdvorm staat,67,dat uitsteekt dan hebben je dus een schuin kegel op de kop die soort van op het hoofd- op de hoofdvorm staan,PRON VERB ADV AUX PRON ADV DET ADJ NOUN ADP DET NOUN PRON NOUN ADP ADP DET X ADP DET NOUN VERB,0,0,NA,NA,NA,0.3595414948802481
4,A,ja hm hm,68,ja hm hm,INTJ NOUN VERB,0,0,0.1270001270001905,NA,0,0.23100098370859573
4,B,daarboven staat een rechthoek voor die kegel en dan aan de zijkant links,69,daarboven staan een rechthoek voor die kegel en dan aan de zijkant links,ADP NOUN DET NOUN ADP DET NOUN CCONJ ADV ADP DET NOUN ADJ,0,0,NA,NA,NA,0.16575538121092948
4,A,ja ja dat is nummer *9* um nou we hebben weer de hoofdvorm en dan heb je een staafje die steekt direct uit uh aan de voorkant van de hoofdvorm dan heb je ook een soort vinnetje wat aan onderkant van die hoofdvorm zit um en aan de achterkant van de hoofdvorm heb je #clicks# een ruit en die heeft twee uitsteeksels,70,ja ja dat zijn nummer *9* um nou we hebben weer de hoofdvorm en dan hebben je een staaf die steken direct uit uh aan de voorkant van de hoofdvorm dan hebben je ook een soort vinnetje wat aan onderkant van die hoofdvorm zitten um en aan de achterkant van de hoofdvorm hebben je #clicks # een ruit en die hebben twee uitsteeksel,INTJ INTJ PRON AUX NOUN NOUN ADJ ADV PRON VERB ADV DET NOUN CCONJ ADV AUX PRON DET NOUN PRON VERB ADJ ADP ADV ADP DET NOUN ADP DET NOUN ADV AUX PRON ADV DET NOUN NOUN PRON ADP NOUN ADP DET NOUN VERB ADJ CCONJ ADP DET NOUN ADP DET NOUN VERB PRON NOUN PUNCT DET NOUN CCONJ PRON VERB NUM NOUN,0.4422193609099414,0.4219098121001112,0.781166431994577,0.5661385170722979,0.26270531876428055,0.8935653531126491
4,B,ja ik heb hem,71,ja ik hebben hem,INTJ PRON AUX PRON,0.2097953395741723,0.2802242691589025,0.17165643016914983,0.07216878364870323,NA,0.7712625086170953
4,A,ja,72,ja,INTJ,0.5,0.5,0,0,0,0.78770812869487
4,B,dat is *p* uh dan heb je weer de hoofdvorm en de hoofdvorm die staat eigenlijk op een schuine staaf met daaronder een soort van ja pyramidevorm lijkt wel een beetje op een taartvorm,73,dat zijn *p* uh dan hebben je weer de hoofdvorm en de hoofdvorm die staan eigenlijk op een schuin staaf met daaronder een soort van ja pyramidevorm lijken wel een beetje op een taartvorm,PRON AUX NOUN ADV ADV AUX PRON ADV DET NOUN CCONJ DET NOUN PRON VERB ADJ ADP DET ADJ NOUN ADP ADV DET NOUN ADP INTJ NOUN VERB ADV DET NOUN ADP DET NOUN,0.1386750490563073,0.1386750490563073,NA,NA,NA,0.523204284459758
4,A,hm hm,74,hm hmen,ADV VERB,0,0,NA,0,0,0.2288137693298988
4,B,schuine staaf daarop staat de hoofdvorm en daar bovenop staat een klein uh vier- uh vierkant of rechthoek en aan de zijkant ook een rechthoek en aan de zijkant ook een rechthoek en aan uh dat is de rechterkant en aan de linkerkant een pyramidevorm weer met zo schuin,75,schuin staaf daarop staan de hoofdvorm en daar bovenop staan een klein uh vier- uh vierkant of rechthoek en aan de zijkant ook een rechthoek en aan de zijkant ook een rechthoek en aan uh dat zijn de rechterkant en aan de linkerkant een pyramidevorm weer met zo schuin,ADJ NOUN ADV VERB DET NOUN CCONJ ADV ADV VERB DET ADJ ADV X ADV ADJ CCONJ ADJ CCONJ ADP DET NOUN ADV DET NOUN CCONJ ADP DET NOUN ADV DET NOUN CCONJ ADP ADV PRON AUX DET NOUN CCONJ ADP DET NOUN DET NOUN ADV ADP ADV ADJ,0,0,0.159111456835146,NA,NA,0.24898355960481683
4,A,#clicks# ja,76,#clicks # ja,NOUN PUNCT INTJ,0,0,NA,0,0,0.5129569064374511
4,B,met zo schuin,77,met zo schuin,ADP ADV ADJ,0,0,NA,NA,0,0.45230840750444523
4,A,dat is nummer *2* um nou we hebben we hebben weer de hoofdbak uh aan beide kanten steken twee staven uit die aan de uiteindes bekleed zijn met een rond bolletje en aan de achterkant van de hoofdvorm heb je een vierkant plateautje met een uitsteeksel naar beneden ,78,dat zijn nummer *2* um nou we hebben we hebben weer de hoofdbak uh aan beide kant steken twee staven uit die aan de uiteinde beklijden zijn met een rond bol en aan de achterkant van de hoofdvorm hebben je een vierkant plateau met een uitsteeksel naar beneden,PRON AUX NOUN NOUN ADJ ADV PRON VERB PRON AUX ADV DET NOUN ADV ADP DET NOUN VERB NUM NOUN ADP PRON ADP DET NOUN ADJ AUX ADP DET ADP NOUN CCONJ ADP DET NOUN ADP DET NOUN AUX PRON DET ADJ NOUN ADP DET NOUN ADP ADP,0.13074409009212268,0.12598815766974242,NA,NA,NA,0.7829654994020209
4,B,ja dat is *d* um nou de hoofdvorm en dan eigenlijk aan de zijkant links staat een soort van yoghurtbakje daaraan vastgeplakt op de kop um daar bovenop ligt een rechthoek en aan de rechterkant is een ja een rond staafje zo omhoog op een uitsteeksel maar ik weet niet wat dat uitsteeksel is,79,ja dat zijn *d* um nou de hoofdvorm en dan eigenlijk aan de zijkant links staan een soort van yoghurtbak daaraan vastgeplken op de kop um daar bovenop liggen een rechthoek en aan de rechterkant zijn een ja een rond staaf zo omhoog op een uitsteeksel maar ik weten niet wat dat uitsteeksel zijn,INTJ PRON AUX NOUN ADJ ADV DET NOUN CCONJ ADV ADJ ADP DET NOUN ADJ VERB DET NOUN ADP NOUN ADV VERB ADP DET NOUN ADJ ADV ADV VERB DET NOUN CCONJ ADP DET NOUN AUX DET INTJ DET ADP NOUN ADV ADV ADP DET NOUN CCONJ PRON VERB ADV PRON PRON ADJ AUX,0.5718776312789586,0.5828678671740339,0.7562807208739311,0.44659886861763254,0.11773762624173345,0.9553174245394586
4,A,even kijken hoor,80,even kijken hoor,ADV VERB INTJ,0,0,0.12356041264304309,NA,0,0.573588652260953
4,B,(je kunt je),81,( je kunnen je ),PUNCT PRON AUX PRON PUNCT,0,0,NA,NA,0,0.4325297914680935
4,A,kun je dat nog een keer herhalen?,82,kunnen je dat nog een keer herhalen ?,AUX PRON PRON ADV DET NOUN VERB PUNCT,0.33806170189140655,0.5070925528371099,0.2886751345948129,NA,NA,0.7688281518855751
4,B,ja natuurlijk een hoofd- je hebt de hoofdvorm,83,ja natuurlijk een hoofd- je hebben de hoofdvorm,INTJ ADJ DET X PRON VERB DET NOUN,0.26726124191242434,0.26726124191242434,0.1543033499620919,NA,NA,0.7830503377776656
4,A,ja,84,ja,INTJ,0.35355339059327373,0.35355339059327373,0,0,0,0.6873729623868632
4,B,aan de linkerkant is een soort van beker yoghurtbakje op z'n kop dus een ja wat is het,85,aan de linkerkant zijn een soort van beker yoghurtbak op zijn kop dus een ja wat zijn het,ADP DET NOUN AUX DET NOUN ADP ADJ NOUN ADP PRON NOUN ADV DET INTJ PRON AUX PRON,0.21320071635561041,0.19611613513818404,NA,NA,NA,0.4890603146577875
4,A,oh ja ja ja ja,86,oh ja ja ja ja,ADJ INTJ INTJ INTJ INTJ,0.20683507599800766,0.19026059766179765,NA,NA,NA,0.4855228874033859
4,B,en (dan) bovenop een rechthoek,87,en ( dan ) bovenop een rechthoek,CCONJ PUNCT ADV PUNCT ADV DET NOUN,0,0,NA,NA,NA,0.35113108285160655
4,A,ja,88,ja,INTJ,0,0,0,0,0,0.3530044801367996
4,B,dat erop ligt op de hoofdvorm,89,dat erop liggen op de hoofdvorm,PRON ADV VERB ADP DET NOUN,0,0,NA,NA,NA,0.36223409910568777
4,A,ja,90,ja,INTJ,0,0,0,0,0,0.36223409910568777
4,B,en aan de rechterkant heb je een soort van klein staafje ,91,en aan de rechterkant hebben je een soort van klein staaf,CCONJ ADP DET NOUN AUX PRON DET NOUN ADP ADJ NOUN,0,0,NA,NA,NA,0.3635439291400267
4,A,ja ja dat is nummer *6*,92,ja ja dat zijn nummer *6 *,INTJ INTJ PRON AUX NOUN SYM PUNCT,0,0,NA,NA,NA,0.5615170985456234
4,B,okee,93,okee,NOUN,0,0,0,0,0,0.47827909660479084
4,A,um nou we hebben weer de hoofdvorm uh die heeft een soort van um ja wat jij noemt een yoghurtbakje op z'n kop op z'n hoofd op de bovenkant en aan de rechterkant heb je twee uitstekende staafjes platte staafjes en aan de voorkant heb je ja een soort van neusje,94,um nou we hebben weer de hoofdvorm uh die hebben een soort van um ja wat jij noemen een yoghurtbak op zijn kop op zijn hoofd op de bovenkant en aan de rechterkant hebben je twee uitstekend staaf plat staaf en aan de voorkant hebben je ja een soort van neusje,ADJ ADV PRON VERB ADV DET NOUN ADV PRON VERB DET NOUN ADP NOUN INTJ PRON PRON VERB DET NOUN ADP PRON NOUN ADP PRON NOUN ADP DET NOUN CCONJ ADP DET NOUN AUX PRON NUM ADJ NOUN ADJ NOUN CCONJ ADP DET NOUN AUX PRON INTJ DET NOUN ADP NOUN,0,0,NA,NA,NA,0.33901132046158555
4,B,ja,95,ja,INTJ,0.20519567041703082,0.19518001458970666,0,0,0,0.5703132007118142
4,A,uh ook een een staafje die uitsteekt en linksonder heb je nog klein bakje die op z'n kop ligt ,96,uh ook een een staaf die uitsteekt en linksond hebben je nog klein bakje die op zijn kop liggen,ADV ADV DET DET NOUN PRON VERB CCONJ NOUN AUX PRON ADV ADJ NOUN PRON ADP PRON NOUN VERB,0,0,NA,NA,NA,0.4703212791877513
4,B,ja dat is *g* um je hebt dus weer de hoofdvorm en eigenllijk staat het zit er nu ook weer een vierkant plateau omheen maar dan aan de bovenkant met twee soort van pootjes aan de rechterkant en daarop staat ook weer zo'n soort van yoghurtbakje ,97,ja dat zijn *g* um je hebben dus weer de hoofdvorm en eigenllijk staan het zitten er nu ook weer een vierkant plateau omheen maar dan aan de bovenkant met twee soort van poo aan de rechterkant en daarop staan ook weer zo'n soort van yoghurtbak,INTJ PRON AUX NOUN ADJ PRON VERB ADV ADV DET NOUN CCONJ ADJ VERB PRON VERB ADV ADV ADV ADV DET ADJ NOUN ADP ADV SCONJ ADP DET NOUN ADP NUM NOUN ADP NOUN ADP DET NOUN CCONJ ADV VERB ADV ADV DET NOUN ADP NOUN,0.1744556751977294,0.22430015382565208,0.3100868364730211,0.08696565534786727,NA,0.922529266327959
4,A,ja dat is nummer *16* um nou we hebben weer de hoofdvorm uh hier staat ook een soort feestmutsje zo'n figuurtje bovenop de bak ,98,ja dat zijn nummer *16 * um nou we hebben weer de hoofdvorm uh hier staan ook een soort feestmuts zo'n figuur bovenop de bak,INTJ PRON AUX NOUN SYM PUNCT ADJ ADV PRON VERB ADV DET NOUN ADV ADV VERB ADV DET NOUN NOUN DET NOUN ADV DET NOUN,0.5156879540323449,0.5391283155792698,0.578828761416306,0.23241742005034205,0.02978777343672497,0.9171796652714064
4,B,hm hm,99,hm hmen,ADV VERB,0,0,0.14907119849998599,0,0,0.37729523818700994
4,A,uh aan de voorkant beetje rechtsvoor heb je een soort van vierkant yoghurtbakje die eraan vastgeplakt is links heeft hij een uh uitsteekseltje en r- linksonder nog soort van rondje ofzo,100,uh aan de voorkant beetje rechtsvoor hebben je een soort van vierkant yoghurtbak die eraan vastgeplakt zijn links hebben hij een uh uitsteeksel en r- linksond nog soort van rondj ofzo,ADV ADP DET NOUN NOUN NOUN AUX PRON DET NOUN ADP ADJ NOUN PRON ADV ADJ AUX ADJ AUX PRON DET ADJ NOUN CCONJ X ADJ ADV NOUN ADP NOUN ADV,0,0,NA,NA,NA,0.3268843019241246
4,B,ja dat is *h* um nou op de hoofdvorm staat een soort van ja wat is het een een paddestoel ofzo een een soort ja kegelvorm met daarop een rondje ,101,ja dat zijn *h* um nou op de hoofdvorm staan een soort van ja wat zijn het één een paddestoel ofzo een een soort ja kegelvorm met daarop een rondje,INTJ PRON AUX NOUN ADJ ADV ADP DET NOUN VERB DET NOUN ADP INTJ PRON AUX PRON DET DET NOUN ADV DET DET NOUN INTJ NOUN ADP ADV DET NOUN,0.44019642635179784,0.4032389192727559,0.4317877695883728,0.15875015875023812,0.036369648372665396,0.9208320678334105
4,A,#m#,102,#m#,NOUN,0,0,0,0,0,NaN
4,B,een vierkant plateau aan de voorkant en aan de (l-) linkerkant van die vierkanten die kleiner worden ,103,een vierkant plateau aan de voorkant en aan de ( l- ) linkerkant van die vierkant die klein worden,DET ADJ NOUN ADP DET NOUN CCONJ ADP DET PUNCT X PUNCT ADJ ADP DET NOUN PRON ADJ AUX,0,0,NA,NA,NA,NaN
4,A,ja ja nummer *15* um hier heb je de hoofdvorm en dan rechts van de hoofdvorm heb je een uh cirkeltje op z'n platte kant uh r- uh nee dat is trouwens rechts links heb je een ja wat is het een ronde staaf maar dan de helft daarvan en aan die ronde staaf zit een soort puntvormige puntvormig voorwerp,104,ja ja nummer *15 * um hier hebben je de hoofdvorm en dan rechts van de hoofdvorm hebben je een uh cirkeltje op zijn plat kant uh r- uh nee dat zijn trouwens rechts links hebben je een ja wat zijn het een ronde staeven maar dan de helft daarvan en aan die rond staaf zitten een soort puntvormig puntvormig voorwerp,INTJ INTJ NOUN SYM PUNCT ADJ ADV AUX PRON DET NOUN CCONJ ADV ADJ ADP DET NOUN AUX PRON DET ADJ NOUN ADP PRON ADJ NOUN ADV X ADV INTJ PRON AUX ADV ADJ ADJ AUX PRON DET INTJ PRON AUX PRON DET NOUN VERB ADV SCONJ DET NOUN ADV CCONJ ADP DET NOUN VERB VERB DET NOUN DET ADJ NOUN,0.32912131438150577,0.31299537008543,0.5132944359184718,0.2711630722733202,0.06958890006392211,0.8174350117218188
4,B,ja *c* um je hebt weer die hoofdvorm en daarop ligt een ei aan de zijkant um deze hebben we al een keer gehad ,105,ja *c* um je hebben weer die hoofdvorm en daarop liggen een ei aan de zijkant um deze hebben we al een keer hebben,INTJ NOUN ADJ PRON VERB ADV DET NOUN CCONJ ADV VERB DET NOUN ADP DET NOUN ADJ PRON AUX PRON ADV DET NOUN VERB,0.4386640039647478,0.5367826312580717,0.5416793036467855,0.17541160386140586,0.028409549486356808,0.9144209003176662
4,A,ja ze verwisselden net ook volgens mij is dit ronde 2 dan ,106,ja ze verwisselen net ook volgens mij zijn dit ronde 2 dan,INTJ PRON VERB ADV ADV ADP PRON AUX DET ADJ NUM ADV,0.0545544725589981,0.04950737714883372,0.14126448280440332,0.062017367294604234,NA,0.8322656702344413
4,B,oh okee,107,oh okee,ADJ NOUN,0,0,NA,0,0,0.5342613643067349
4,A,ja #laughs#,108,ja #laughs #,INTJ NOUN PUNCT,0,0,NA,0,0,0.8179667330609742
4,B,dit is uh de hoofdvorm,109,dit zijn uh de hoofdvorm,PRON AUX ADV DET NOUN,0,0,NA,NA,NA,0.6555656194549033
4,A,ja,110,ja,INTJ,0,0,0,0,0,0.6555656194549033
4,B,uh daarop een ei uh aan de voorkant heb je zo'n staaf ,111,uh daarop een eus uh aan de voorkant hebben je zo'n staaf,ADV ADV DET NOUN ADV ADP DET NOUN AUX PRON DET NOUN,0,0,NA,NA,NA,0.6283353511991114
4,A,ja,112,ja,INTJ,0,0,0,0,0,0.6283353511991114
4,B,een lange staaf en aan de zijkant rechts en links steekt wat uit met aan de linkerkant nog zo'n boog,113,een lang staaf en aan de zijkant rechts en links steken wat uit met aan de linkerkant nog zo'n boog,DET ADJ NOUN CCONJ ADP DET NOUN ADJ CCONJ ADJ VERB PRON ADP ADP ADP DET NOUN ADV DET NOUN,0,0,NA,NA,NA,0.2824251557112354
4,A,ja dat is nummer *15*,114,ja dat zijn nummer *15 *,INTJ PRON AUX NOUN SYM PUNCT,0,0,NA,NA,NA,0.5515716380243039
4,B,okee,115,okee,NOUN,0,0,0,0,0,0.4545313380696663
4,A,um nou de hoofdvorm staat op een uh op een plateautje (h-) uh links van de hoofdvorm heb je weer een ronde staaf die uitsteekt links achter de hoofdvorm heb je een rond cirkeltje die daaraan vastgeplakt zit en rechtsbovenop de ronde op (o-) bovenop de hoofdvorm heb je een soort van ja ,116,um nou de hoofdvorm staan op een uh op een plateau ( h- ) uh links van de hoofdvorm hebben je weer een rond staaf die uitsteekt links achter de hoofdvorm hebben je een rond cirkel die daaraan vastgeplakt zitten en rechtsbovenop de ronde op ( o- ) bovenop de hoofdvorm hebben je een soort van ja,NOUN ADV DET NOUN VERB ADP DET ADV ADP DET NOUN PUNCT X PUNCT ADV ADJ ADP DET NOUN AUX PRON ADV DET ADJ NOUN PRON VERB ADJ ADP DET NOUN AUX PRON DET ADP NOUN PRON ADV VERB VERB CCONJ ADV DET NOUN ADP PUNCT X PUNCT ADV DET NOUN AUX PRON DET NOUN ADP INTJ,0,0,NA,NA,NA,0.33075258790914347
4,B,kegel,117,kegel,NOUN,0,0,0,0,0,0.19960273438478088
4,A,uh ja uh hoe noem je zoiets een uh,118,uh ja uh hoe noemen je zoiets een uh,ADV INTJ ADV ADV VERB PRON PRON DET NOUN,0,0,NA,NA,NA,0.09362210066135324
4,B,kegel op de kop,119,kegel op de kop,NOUN ADP DET NOUN,0,0,0.20412414523193148,NA,NA,0.3632928927715689
4,A,ja een kegel op de kop inderdaad,120,ja een kegel op de kop inderdaad,INTJ DET NOUN ADP DET NOUN ADV,0.7559289460184544,0.7559289460184544,0.8164965809277259,0.6324555320336759,0.5,0.911277139387406
4,B,ja,121,ja,INTJ,0.3779644730092272,0.3779644730092272,0,0,0,0.6109219039785353
4,A,ja ,122,ja,INTJ,1,1,0,0,0,0.9999999999999998
4,B,dat is *b* um je hebt weer de hoofdvorm daarboven staat een soort van zo'n kegel op z'n kop aan de zijkant ook,123,dat zijn *b* um je hebben weer de hoofdvorm daarboven staan een soort van zo'n kegel op zijn kop aan de zijkant ook,PRON AUX NOUN ADJ PRON VERB ADV DET NOUN ADP NOUN DET NOUN ADP DET NOUN ADP PRON NOUN ADP DET NOUN ADV,0,0,NA,NA,NA,0.4009847360233359
4,A,hm hm,124,hm hmen,ADV VERB,0,0,NA,0,0,0.21200511743455325
4,B,(en) aan de linkerkant aan de rechterkant heb je van die vierkanten die telkens kleiner worden,125,( en ) aan de linkerkant aan de rechterkant hebben je van die vierkant die telkens klein worden,PUNCT CCONJ PUNCT ADP DET NOUN ADP DET NOUN AUX PRON ADP DET NOUN PRON ADV ADJ AUX,0,0,NA,NA,NA,0.12827734394159107
4,A,ja ja dat is nummer *7*,126,ja ja dat zijn nummer *7 *,INTJ INTJ PRON AUX NOUN SYM PUNCT,0,0,NA,NA,NA,0.5233169957165101
4,B,wacht ik haal rechts en links door elkaar maar,127,wachten ik haal rechts en links door elkaar maar,VERB PRON VERB ADJ CCONJ ADJ ADP PRON CCONJ,0,0,NA,NA,NA,0.6249829478161613
4,A,#laughs# ik weet wel welke je bedoelt ,128,#laughs # ik weten wel welk je bedoelen,NOUN PUNCT PRON VERB ADV PRON PRON VERB,0.1259881576697424,0.1259881576697424,0.24999999999999994,NA,NA,0.8265436994801669
4,B,okee,129,okee,NOUN,0,0,0,0,0,0.40889834719677753
4,A,uh hier heb je weer de hoofdvorm die staat op een soort ronddraaiend uh staafje en dat ronddraaiende staafje die staat weer op een uh driehoekje een soort taartpuntje,130,uh hier hebben je weer de hoofdvorm die staan op een soort ronddraaiend uh staaf en dat ronddraaiend staaf die staan weer op een uh driehoek een soort taartpun,ADV ADV AUX PRON ADV DET NOUN PRON VERB ADP DET NOUN VERB ADV NOUN CCONJ PRON VERB NOUN PRON VERB ADV ADP DET ADJ NOUN DET NOUN NOUN,0,0,NA,NA,NA,0.4002273256255363
4,B,ja,131,ja,INTJ,0,0,0,0,0,0.5781111927453858
4,A,en dan heb je twee vierkantjes bovenop ,132,en dan hebben je twee vierkant bovenop,CCONJ ADV AUX PRON NUM NOUN ADV,0,0,NA,NA,NA,0.473889419343525
4,B,*c*,133,*c*,NOUN,0,0,0,0,0,NaN
4,A,ja,134,ja,INTJ,0,0,0,0,0,NaN
4,B,uh weer de hoofdvorm dan heb je aan de zijkant rechts en links maar aan de rechts is een langer stuk um soort van een ronde buis dat uitsteekt met daar een bol aan de aan de ,135,uh weer de hoofdvorm dan hebben je aan de zijkant rechts en links maar aan de recht zijn een langer stuk um soort van een rond buis dat uitsteekt met daar een bol aan de aan de,ADV ADV DET NOUN ADV AUX PRON ADP DET NOUN ADJ CCONJ ADJ ADV ADP DET ADJ AUX DET ADJ NOUN ADJ NOUN ADP DET ADJ NOUN PRON VERB ADP ADV DET NOUN ADP DET ADP DET,0,0,NA,NA,NA,0.40229135393848947
4,A,hm hm,136,hm hmen,ADV VERB,0,0,NA,0,0,0.20553421239316313
4,B,weet je wat ik bedoel?,137,weten je wat ik bedoelen ?,VERB PRON PRON PRON VERB PUNCT,0,0,NA,NA,NA,0.32594434195470506
4,A,ja,138,ja,INTJ,0,0,0,0,0,0.5962016273592536
4,B,ja (?),139,ja ( ? ),INTJ PUNCT PUNCT PUNCT,1,1,0,0,0,0.9999999999999998
4,A,en een vierkantje aan de achterkant ,140,en een vierkant aan de achterkant,CCONJ DET NOUN ADP DET NOUN,0,0,NA,NA,NA,0.3224780393486352
4,B,ja,141,ja,INTJ,0,0,0,0,0,0.3224780393486352
4,A,ja nummer *5* uh hier heb je weer de ronde hoofdvorm met een ei voorop en dan heb je een kegel op z'n kop links bovenop de hoofdvorm rechts bovenop de hoofdvorm staat een staafje ,142,ja nummer *5 * uh hier hebben je weer de rond hoofdvorm met een ei voorop en dan hebben je een kegel op zijn kop links bovenop de hoofdvorm rechts bovenop de hoofdvorm staan een staaf,INTJ NOUN SYM PUNCT ADV ADV AUX PRON ADV DET ADJ NOUN ADP DET NOUN ADV CCONJ ADV AUX PRON DET NOUN ADP PRON NOUN ADJ ADV DET NOUN ADJ ADV DET NOUN VERB DET NOUN,0.13018891098082389,0.13018891098082389,NA,NA,NA,0.5336082604960924
4,B,ja *i* uh je hebt de hoofdvorm en dan (pf-) uh voor rechtsvoor is een cirkelplateau waar eigenlijk in principe iets op kan staan links staat dus ja die die schuine buis doormidden maar dan met een hol erin,143,ja *i* uh je hebben de hoofdvorm en dan ( pf- ) uh voor rechtsvoor zijn een cirkelplateau waar eigenlijk in principe iets op kunnen staan links staan dus ja die die schuin buis doormidden maar dan met een hol erin,INTJ NOUN ADV PRON VERB DET NOUN CCONJ ADV PUNCT X PUNCT ADV ADP NOUN AUX DET NOUN ADV ADJ ADP NOUN PRON ADP AUX VERB ADJ VERB ADV INTJ PRON DET ADJ ADJ NOUN CCONJ ADV ADP DET ADJ ADV,0.46496039636008524,0.5286727237024551,0.38122128787578263,0.05001563232803554,NA,0.9418499555335715
4,A,ja,144,ja,INTJ,0.2857142857142857,0.28005601680560194,0,0,0,0.644217002167263
4,B,en zo'n pyramide naar beneden ,145,en zo'n pyramide naar beneden,CCONJ DET NOUN ADP ADP,0,0,NA,NA,NA,0.3790493896616061
4,A,nummer *8* uh hier heb je weer de hoofdvorm met een uh plateau uh r- uh een beetje boven het midden van de hoofdvorm met twee pootjes eronder en een yoghurtbakje erop ,146,nummer *8 * uh hier hebben je weer de hoofdvorm met een uh plateau uh r- uh een beetje boven het midden van de hoofdvorm met twee poo eronder en een yoghurtbak erop,NOUN NUM PUNCT ADV ADV AUX PRON ADV DET NOUN ADP DET ADJ NOUN ADV X ADV DET NOUN ADP DET NOUN ADP DET NOUN ADP NUM NOUN NOUN CCONJ DET NOUN ADV,0.05976143046671968,0.05976143046671968,0.5852057359806528,0.4003203845127179,NA,0.6747682545574218
4,B,oh ja *m* uh de hoofdvorm en dan eigenlijk lijkt het alsof er een soort van zuignap aan vast zit dus een ei aan de voorkant met een staaf er doorheen en dan een cirkel aan het uiteinde van die staaf,147,oh ja *m* uh de hoofdvorm en dan eigenlijk lijken het alsof er een soort van zuignap aan vast zitten dus een ei aan de voorkant met een staaf er doorheen en dan een cirkel aan het uiteinde van die staaf,ADJ INTJ NOUN ADV DET NOUN CCONJ ADV ADJ VERB PRON SCONJ ADV DET NOUN ADP NOUN ADP ADJ VERB ADV DET NOUN ADP DET NOUN ADP DET NOUN ADV ADP CCONJ SCONJ DET NOUN ADP DET NOUN ADP DET NOUN,0.46920843531739087,0.46920843531739087,0.837002904136399,0.6908777126444794,0.5382625136761547,0.9021049099285275
4,A,#m# ja,148,#m# ja,NOUN INTJ,0.0827605888602368,0.0827605888602368,NA,0,0,0.5209694065479402
4,B,en dan daar bovenop zit zo'n schuin zo'n kegel op z'n kop,149,en dan daar bovenop zitten zo'n schuin zo'n kegel op zijn kop,CCONJ ADV ADV ADV VERB DET NOUN DET NOUN ADP PRON NOUN,0,0,NA,NA,NA,0.3625738891302978
4,A,ja nummer *3* uh hier hebben we de hoofdvorm op een platform staan uh op de hoofdvorm zit een cirkel uh en aan beide kanten steekt een ja lin- een een c- cir- een ja #laughs#,150,ja nummer *3 * uh hier hebben we de hoofdvorm op een platform staan uh op de hoofdvorm zitten een cirkel uh en aan beide kant steken een ja lin- een een c- cir- een ja #laughs #,INTJ NOUN SYM PUNCT ADV ADV VERB PRON DET NOUN ADP DET NOUN VERB ADV ADP DET NOUN VERB DET NOUN ADV CCONJ ADP DET NOUN VERB DET INTJ X DET DET X X DET INTJ NOUN PUNCT,0.11664236870396087,0.11664236870396087,0.47702783519995506,0.13693063937629152,NA,0.749064585049126
4,B,ja *l* #laughs#,151,ja *l* #laughs #,INTJ NOUN NOUN PUNCT,0.25197631533948484,0.25197631533948484,0.1632993161855452,NA,0,0.7464184245992915
4,A,versiersel uit,152,versiersel uit,NOUN ADP,0,0,NA,0,0,0.09775415066777603
4,B,um op de hoofdvorm staat een uh pyramide uh en aan de voorkant zo'n yoghurtbakje eraan vastgeplakt rechts links staat een soort van halve #laughing# kegel tegen het uh tegen de hoofdvorm aan en de hoofdvorm zelf staat eigenlijk op een soort van schuine keg- uh schuine cirkel dus echt op de hoofdvorm heb je een soort van pyramide zo rond,153,um op de hoofdvorm staan een uh pyramide uh en aan de voorkant zo'n yoghurtbak eraan vastgeplken rechts links staan een soort van halve #laughing # kegel tegen het uh tegen de hoofdvorm aan en de hoofdvorm zelf staan eigenlijk op een soort van schuine keg- uh schuine cirkel dus echt op de hoofdvorm hebben je een soort van pyramide zo rond,ADJ ADP DET NOUN VERB DET ADJ NOUN ADV CCONJ ADP DET NOUN DET NOUN ADV VERB ADJ ADJ VERB DET NOUN ADP ADJ NOUN PUNCT NOUN ADP DET ADV ADP DET NOUN ADP CCONJ DET NOUN ADV VERB ADJ ADP DET NOUN ADP X X ADV ADJ NOUN ADV ADJ ADP DET NOUN AUX PRON DET NOUN ADP NOUN ADV ADP,0,0,0.33407655239053047,NA,NA,0.5472126146081393
4,A,even kijken hoor,154,even kijken hoor,ADV VERB INTJ,0,0,0.0944911182523068,NA,0,0.5509572549924847
4,B,een uh ja ook weer soort van kegel soort van tentvorm,155,een uh ja ook weer soort van kegel soort van tentvorm,DET ADV INTJ ADV ADV NOUN ADP NOUN NOUN ADP NOUN,0,0,NA,NA,NA,0.6488794285816036
4,A,oh wacht ja,156,oh wachten ja,NOUN VERB INTJ,0.14907119849998599,0.14907119849998599,NA,NA,0,0.6629447707396788
4,B,een ronde tentvorm en dan zit er een yoghurtbakje soort van aan vastgeplakt een vierkant schuin,157,een rond tentvorm en dan zitten er een yoghurtbakj soort van aan vastgeplken een vierkant schuin,DET ADJ NOUN CCONJ ADV VERB ADV DET NOUN NOUN ADP ADP VERB DET ADJ NOUN,0,0,NA,NA,NA,0.30751559127009037
4,A,ja ja,158,ja ja,INTJ INTJ,0,0,NA,0,0,0.2800505996118596
4,B,uh en,159,uh en,ADV CCONJ,0,0,NA,0,0,0.7312378335134878
4,A,schuin rechts denk ik hè?,160,schuin rechts denken ik hè ?,ADJ ADJ VERB PRON NOUN PUNCT,0,0,NA,NA,NA,0.6473510311645138
4,B,ja,161,ja,INTJ,0,0,0,0,0,0.7366253174665213
4,A,en linksonder dan een cirkeltje ,162,en linksond dan een cirkeltje,CCONJ ADJ SCONJ DET NOUN,0,0,NA,NA,NA,0.37419405145326196
4,B,en dan links ja,163,en dan links ja,CCONJ ADV ADJ INTJ,0.44721359549995793,0.44721359549995793,NA,NA,NA,0.7753682565516408
4,A,oh ja okee dat is nummer *1* uh hier heeft de hoofdvorm twee van die uit- kleine uitsteeksels bovenop hij heeft een plateau uh waar die in vastzit beetje onder het midden ,164,oh ja okee dat zijn numm *1* uh hier hebben de hoofdvorm twee van die uit- klein uitsteeksel bovenop hij hebben een plateau uh waar die in vastzit beetje onder het midden,ADJ INTJ NOUN PRON AUX NOUN NOUN ADV ADV AUX DET NOUN NUM ADP DET X ADJ NOUN ADV PRON AUX DET NOUN ADV ADV PRON ADP VERB NOUN ADP DET NOUN,0.08111071056538127,0.08111071056538127,0.07930515857181443,NA,NA,0.822682721148901
4,B,ja,165,ja,INTJ,0.16222142113076254,0.16222142113076254,0,0,0,0.6644993513253046
4,A,okee,166,okee,NOUN,0,0,0,0,0,0.46749612897199855
4,B,*p* #laughs# hier heb je de hoofdvorm en daar um aan de zijkant lijkt het het lijkt net het lijkt op een kraan een beetje aan de zijkant komt zo zo'n stukje eruit,167,*p* #laughs # hier hebben je de hoofdvorm en daar um aan de zijkant lijken het het lijken net het lijkt op een kraan een beetje aan de zijkant komen zo zo'n stuk eruit,NOUN PROPN PUNCT ADV AUX PRON DET NOUN CCONJ ADV ADJ ADP DET NOUN VERB PRON PRON VERB ADV PRON VERB ADP DET NOUN DET NOUN ADP DET NOUN VERB ADV DET NOUN ADV,0,0,NA,NA,NA,0.31651841951814536
4,A,hm hm,168,hm hmen,ADV VERB,0,0,NA,0,0,0.20700376078381152
4,B,um ik bedoel aan de onderkant aan de zijkant is een uh steekt de staaf uit en ook een vierkant met een boog dan bovenop heb je een vierkant plateau maar dan niet zo maar zo,169,um ik bedoelen aan de onderkant aan de zijkant zijn een uh steken de staaf uit en ook een vierkant met een boog dan bovenop hebben je een vierkant plateau maar dan niet zo maar zo,NOUN PRON VERB ADP DET NOUN ADP DET NOUN AUX DET NOUN VERB DET NOUN ADP CCONJ ADV DET NOUN ADP DET NOUN ADV ADV AUX PRON DET ADJ NOUN CCONJ ADV ADV ADV ADV ADV,0,0,NA,NA,NA,0.2825637240119228
4,A,hm hm,170,hm hmen,ADV VERB,0,0,NA,0,0,0.2825637240119228
4,B,staat hij schuin erin uh en daartussen uh tussen dat vierkant plateau rechts en links zijn van die vierkantjes die kleiner worden ,171,staan hij schuin erin uh en daartussen uh tussen dat vierkant plateau rechts en links zijn van die vierkant die klein worden,VERB PRON ADJ ADV ADV CCONJ ADV ADV ADP DET ADJ NOUN ADJ CCONJ ADJ AUX ADP DET NOUN PRON ADJ AUX,0,0,NA,NA,NA,0.305227095465351
4,A,ja en dan aan de onderkant heb je zo'n vinnetje hè die uitsteekt?,172,ja en dan aan de onderkant hebben je zo'n vinnetje hè die uitsteekken ?,INTJ CCONJ ADV ADP DET NOUN AUX PRON DET NOUN NOUN PRON VERB PUNCT,0.20965696734438366,0.20254787341673333,0.3474041668898256,0.13483997249264842,NA,0.839467062282337
4,B,ja lijkt een beetje als het ware op een kraan ,173,ja lijken een beetje als het zijn op een kraan,INTJ VERB DET NOUN SCONJ PRON VERB ADP DET NOUN,0.08006407690254358,0.08006407690254358,0.48349377841522817,0.10660035817780521,NA,0.8057980415390162
4,A,ja oh ja nummer *16* uh hier he- heeft het hoofdplatform aan de voorkant een vierkant op zich geplakt en aan de linkerkant heb je twee van die vierkantjes die steeds kleiner worden en bovenop heb je nog (een soort) paddestoeltje ,174,ja oh ja nummer *16 * uh hier he- hebben het hoofdplatform aan de voorkant een vierkant op zich plakken en aan de linkerkant hebben je twee van die vierkant die steeds klein worden en bovenop hebben je nog ( een soort ) paddestoeltje,INTJ NOUN INTJ NOUN SYM PUNCT ADV ADV X AUX DET NOUN ADP DET NOUN DET ADJ ADP PRON VERB CCONJ ADP DET NOUN AUX PRON NUM ADP DET NOUN PRON ADV ADJ AUX CCONJ ADV AUX PRON ADV PUNCT DET NOUN PUNCT NOUN,0.30588764516074907,0.29095718698132317,0.4974683381630911,0.15811388300841894,NA,0.8916029445689291
4,B,oh ja *d* uh je hebt de hoofdvorm en dan aan de zijkant rechts staan twee um platte staven die uitsteken daar bovenop is een yoghurtbakje op z'n kop #laughs# en aan de linkeronderkant is ook een ja vierkant wat is het,175,oh ja *d* uh je hebben de hoofdvorm en dan aan de zijkant rechts staan twee um plat staven die uitstek daar bovenop zijn een yoghurtbak op zijn kop #laughs # en aan de linkeronderkant zijn ook een ja vierkant wat zijn het,ADJ INTJ NOUN ADV PRON VERB DET NOUN CCONJ ADV ADP DET NOUN ADJ VERB NUM NOUN ADJ NOUN PRON NOUN ADV ADV AUX DET NOUN ADP PRON NOUN NOUN PUNCT CCONJ ADP DET NOUN AUX ADV DET INTJ ADJ PRON AUX PRON,0.5551120659583034,0.5652974065007303,0.6236095644623236,0.23002185311411805,0.07792865001991968,0.9718618461927582
4,A,ook een yoghurtbakje maar dan kleiner #laughs#,176,ook een yoghurtbak maar dan klein #laughs #,ADV DET NOUN ADV ADV ADJ NOUN PUNCT,0.2880092164423916,0.27500954910846337,0.4629100498862757,0.06900655593423542,NA,0.6356950014204441
4,B,ja dat,177,ja dat,INTJ PRON,0,0,NA,0,0,0.4663931830579906
4,A,ja #laughs# nummer *14* um hier heb je de hoofdvorm linksonder zit vastgeplakt een yoghurtbakje op z'n kop uh op de (b-) hoofdvorm ligt een uh staaf en rechts aan de hoofdvorm vast zit toch een ja een klein staafje die rechtop staat,178,ja #laughs# nummer *14 * um hier hebben je de hoofdvorm linksond zitten vastgeplken een yoghurtbak op zijn kop uh op de ( b- ) hoofdvorm liggen een uh staaf en rechts aan de hoofdvorm vast zitten toch een ja een klein staaf die rechtop staan,INTJ NOUN NOUN SYM PUNCT ADJ ADV AUX PRON DET NOUN ADJ VERB VERB DET NOUN ADP PRON NOUN ADV ADP DET PUNCT X PUNCT NOUN VERB DET NOUN NOUN CCONJ ADV ADP DET NOUN ADJ VERB ADV DET INTJ DET ADJ NOUN PRON NOUN VERB,0.1632993161855452,0.16116459280507603,NA,NA,NA,0.7447370086199226
4,B,ja ik heb hem *g*,179,ja ik hebben hem *g*,INTJ PRON AUX PRON NOUN,0.15491933384829665,0.15289415743128765,0.17928429140015903,NA,NA,0.7828623138054881
4,A,ja,180,ja,INTJ,0.44721359549995793,0.44721359549995793,0,0,0,0.78770812869487
4,B,um de hoofdvorm met een schuine kegel staat daar op z'n kop rechts,181,um de hoofdvorm met een schuin kegel staan daar op zijn kop rechts,ADJ DET NOUN ADP DET ADJ NOUN VERB ADV ADP PRON NOUN ADJ,0,0,NA,NA,NA,0.34151905856229026
4,A,(?),182,( ? ),PUNCT PUNCT PUNCT,NaN,NaN,0,0,0,NaN
4,B,daarachter is een platte cirkel daaraan vastgeplakt uh links staat uh i- is een staaf een ronde staaf dat uitsteekt en dat staat ook op een plateautje ,183,daarachter zijn een plat cirkelen daaraan vastgeplakt uh links staat uh i- zijn een staaf een rond staaf dat uitsteekken en dat staan ook op een plateau,ADV AUX DET ADJ NOUN ADV VERB ADV ADJ VERB ADV X AUX DET NOUN DET ADJ NOUN PRON VERB CCONJ PRON VERB ADV ADP DET NOUN,NaN,NaN,NA,NA,NA,NaN
4,A,ja en rechtsboven had je dat um,184,ja en rechtsbove hebben je dat um,INTJ CCONJ PROPN VERB PRON DET NOUN,0.16198477414681164,0.1653953539259914,0.12598815766974242,NA,NA,0.7392285604375484
4,B,die cirkel op z'n kop,185,die cirkelen op zijn kop,DET NOUN ADP PRON NOUN,0,0,0.20412414523193154,NA,NA,0.5518297430608841
4,A,even kijken oh cir- um,186,even kijken oh cir- um,ADV VERB X X NOUN,0,0,NA,NA,NA,0.33815112378342804
4,B,dus uh,187,dus uh,ADV ADV,0,0,NA,0,0,0.6112681687455166
4,A,ja die kegel op z'n kop bedoel je ,188,ja die kegel op zijn kop bedoelen je,INTJ DET NOUN ADP PRON NOUN VERB PRON,0,0,NA,NA,NA,0.5821958199981685
4,B,uh ja sorry kegel,189,uh ja sorry kegel,ADV INTJ NOUN NOUN,0.35355339059327373,0.35355339059327373,NA,NA,NA,0.6429845721398112
4,A,ja okee nummer *6*,190,ja okee nummer *6 *,INTJ NUM NOUN SYM PUNCT,0.25,0.25,NA,NA,NA,0.8627748023347837
4,B,ik haal het door de war ja #laughs#,191,ik halen het door de war ja #laughs #,PRON VERB PRON ADP DET NOUN INTJ NOUN PUNCT,0.17677669529663687,0.17677669529663687,NA,NA,NA,0.7277106435486247
4,A,#laughs# um dit is de hoofdvorm met die uitsteeksels aan beide kanten waarbij er bolletjes op zijn geplakt aan de uitk- uiteinden en dan ja achterkant een vierkant ,192,#laughs # um dit zijn de hoofdvorm met die uitsteeksel aan beide kant waarbij er bolle op zijn plakken aan de uitk- uiteind en dan ja achterkant een vierkant,NOUN PUNCT ADJ PRON AUX DET NOUN ADP DET NOUN ADP DET NOUN ADV ADV NOUN ADP PRON VERB ADP DET X NOUN CCONJ ADV INTJ CCONJ DET ADJ,0.24999999999999994,0.24253562503633297,0.3944053188733077,0.14433756729740646,NA,0.855023346684102
4,B,oh ja *m* dit is de hoofdvorm waarbij uh waarbij het vierkant plateau onderaan zit (maar de) hoofdvorm zit er wel in uh waarbij twee kleine staafjes bovenuit steken,193,oh ja *m* dit zijn de hoofdvorm waarbij uh waarbij het vierkant plateau onderaan zien ( maar de ) hoofdvorm zitten er wel in uh waarbij twee klein staaf bovenuit steken,ADJ INTJ NOUN PRON AUX DET NOUN ADV ADV ADV DET ADJ NOUN ADP VERB PUNCT CCONJ DET PUNCT NOUN VERB ADV ADV ADP ADV ADV NUM ADJ NOUN ADP VERB,0.37741470621203443,0.4017536880041851,0.451848057057532,0.1270001270001905,0.07018624063435965,0.8746245329946521
4,A,ja nummer *8*,194,ja nummer *8 *,INTJ NOUN NUM PUNCT,0.0880450906325624,0.09016696346674324,0.10206207261596574,NA,0,0.7410739378401034
4,B,okee,195,okee,NOUN,0,0,0,0,0,0.47879087419615973
4,A,dit is de hoofdvorm waarbij um er rechts uh een cirkeltje is gewoon zo plat links heb je die vorm die half uitgesneden is met een soort spitse punt erin,196,dit zijn de hoofdvorm waarbij um er rechts uh een cirkeltje zijn gewoon zo plat links hebben je die vorm die half uitsnijden zijn met een soort spits punt erin,PRON AUX DET NOUN ADV ADJ ADV ADJ ADV DET NOUN AUX ADJ ADV NOUN ADJ AUX PRON DET NOUN PRON ADJ VERB AUX ADP DET NOUN ADJ NOUN ADV,0,0,NA,NA,NA,0.3838058864780629
4,B,rechts is een?,197,rechts zijn een ?,ADJ AUX DET PUNCT,0.5477225575051661,0.5477225575051661,0.19425717247145283,NA,0,0.8431031337494271
4,A,ja een cirkeltje die eraan vast is geplakt waar je iets aa- op kan zetten in feite,198,ja een cirkeltje die eraan vast zijn plakken waar je iets aa- op kunnen zetten in feite,INTJ DET NOUN PRON ADV ADJ AUX VERB ADV PRON PRON X ADP AUX VERB ADP NOUN,0.280056016805602,0.280056016805602,0.16666666666666666,NA,NA,0.7720163468677131
4,B,oh um,199,oh um,ADJ NOUN,0,0,NA,0,0,0.4173826823763179
4,A,en dan links had je die ronde staaf die eigenlijk door de helft is ,200,en dan links hebben je die rond staaf die eigenlijk door de helft zijn,CCONJ ADV ADJ AUX PRON PRON ADJ NOUN PRON ADJ ADP DET NOUN AUX,0,0,0.2581988897471611,NA,NA,0.3336835001437727
4,B,ja oh ja *l* uh dit is de hoofdvorm dat uh er een vierkant plateau plat vierkant tegen de hoofdvorm is aangeplakt en twee uitsteeksels links zijn waarbij de vierkantjes kleiner worden met de paddestoel bovenop ,201,ja oh ja *l* uh dit zijn de hoofdvorm dat uh er een vierkant plateau plan vierkant tegen de hoofdvorm zijn aangeplken en twee uitsteeksel links zijn waarbij de vierkant klein worden met de paddestoel bovenop,INTJ ADJ INTJ NOUN ADV PRON AUX DET NOUN SCONJ ADV ADV DET ADJ NOUN VERB ADJ ADP DET NOUN AUX VERB CCONJ NUM NOUN ADJ AUX ADV DET NOUN ADJ AUX ADP DET NOUN ADV,0.2626128657194451,0.27695585470349865,0.3761920624312231,0.18731716231633883,0.1049727762162956,0.8507430602450264
4,A,ja nummer *7* dit is de hoofdvorm met twee uitsteeksels aan de rechterkant allebei twee vierkante staafjes met een yoghurtbekertje op de hoofdvorm en linksonder een klein yoghurtbekertje op z'n kop,202,ja nummer *7 * dit zijn de hoofdvorm met twee uitsteeksel aan de rechterkant allebei twee vierkant staaf met een yoghurtbeker op de hoofdvorm en linksonder een klein yoghurtbeker op zijn kop,INTJ NOUN SYM PUNCT PRON AUX DET NOUN ADP NUM NOUN ADP DET NOUN PRON NUM ADJ NOUN ADP DET NOUN ADP DET NOUN CCONJ NOUN DET ADJ NOUN ADP PRON NOUN,0.5439837932759934,0.6377414843271902,0.45910450047444507,0.2176428750330035,0.029854071701326607,0.8803817979670097
4,B,ja dat is *b* uh dit is de hoofdvorm dat het uh vierkant plateau waar de hoofdvorm in staat boven zit met een soort van yoghurtbakje bovenop en twee tafelpootjes waren daaraan vast,203,ja dat zijn *b* uh dit zijn de hoofdvorm dat het uh vierkant plateau waar de hoofdvorm in staat boven zitten met een soort van yoghurtbak bovenop en twee tafelpoo zijn daaraan vast,INTJ PRON AUX NOUN ADV PRON AUX DET NOUN SCONJ PRON ADV ADJ NOUN ADV DET NOUN ADP NOUN ADP VERB ADP DET NOUN ADP NOUN ADV CCONJ NUM NOUN AUX ADV ADJ,0.457495710997814,0.5310547906336834,0.5749889084999459,0.22677868380553634,0.06063390625908324,0.9057979637822754
4,A,ja nummer *13* uh dit is de hoofdvorm met twee kegels eentje erbovenop eentje linksvoor je ziet ook nog een soort van armpje linksachter en aan de rechterkant heb je vierkantjes die zo in elkaar lopen ,204,ja nummer *13 * uh dit zijn de hoofdvorm met twee kegel één erbovenop één linksvoor je zien ook nog een soort van arm linksachter en aan de rechterkant hebben je vierkan die zo in elkaar lopen,INTJ NOUN SYM PUNCT ADV PRON AUX DET NOUN ADP NUM NOUN NUM ADV NUM NOUN PRON VERB ADV ADV DET NOUN ADP NOUN ADP CCONJ ADP DET NOUN AUX PRON NOUN PRON ADV ADP PRON VERB,0.4470897650682611,0.4501491366063437,0.5506673236607643,0.3380617018914066,0.1846372364689991,0.9591336482335837
4,B,ja *e* uh dit is de hoofdvorm dat er eigenlijk als het ware allemaal van die kleine vierkantjes rechts en links uitsteken en het staat op een vierkant plateau met een soort van kraantje die er linksachter uitsteekt en een cirkelplateau heeft (erbovenop) ,205,ja *e* uh dit zijn de hoofdvorm dat er eigenlijk als het zijn allemaal van die klein vierkant rechts en links uitstek en het staat op een vierkant plateau met een soort van kraan die er linksachter uitsteekken en een cirkelplateau hebben ( erbovenop ),INTJ NOUN ADV PRON AUX DET NOUN SCONJ ADV ADJ SCONJ PRON VERB ADV ADP DET ADJ NOUN ADJ CCONJ ADJ NOUN CCONJ DET NOUN ADP DET ADJ NOUN ADP DET NOUN ADP NOUN PRON ADV ADJ VERB CCONJ DET NOUN VERB PUNCT ADV PUNCT,0.4276886852478564,0.4335765541252614,0.5682229830714048,0.2567180154051351,0.08058229640253803,0.9625607503263832
4,A,ja nummer *3* um de hoofdvorm heeft een weer feestmutsje op uh rechtsvoor heeft hij een yoghurtbekertje op zich geplakt linksvoor onderaan zit een cirkeltje ,206,ja nummer *3* um de hoofdvorm hebben een weren feestmuts op uh rechtsvoor hebben hij een yoghurtbeker op zich plakken linksvoor onderaan zitten een cirkel,INTJ NOUN NOUN NOUN DET NOUN AUX DET ADV NOUN ADP ADJ NOUN AUX PRON DET NOUN ADP PRON VERB NOUN ADV VERB DET NOUN,0.3620300534999659,0.35105688736487034,0.4658474953124562,0.058395716247378375,NA,0.9031011454998259
4,B,ja *h* dit is de hoofdvorm dat er een soort van ja dat het ei voorop zit rechts voorop links steekt er een um ja driehoek v- uit laat maar zeggen,207,ja *h* dit zijn de hoofdvorm dat er een soort van ja dat het eus voorop zitten rechts voorop links steken er een um ja driehoek v- uit laten maar zeggen,INTJ NOUN PRON AUX DET NOUN SCONJ ADV DET NOUN ADP INTJ SCONJ DET NOUN ADV VERB ADJ ADV ADJ VERB ADV DET NOUN INTJ NOUN SYM ADP VERB CCONJ VERB,0.32756920994133026,0.32756920994133026,0.4668995278238409,0.07490058862731383,NA,0.9136025667485981
4,A,ja hm hm,208,ja hm hm,INTJ NOUN VERB,0.19999999999999998,0.19999999999999998,0.20851441405707474,NA,0,0.5216099261363591
4,B,een staafje bovenop en dan ,209,een staaf bovenop en dan,DET NOUN ADV CCONJ ADV,0,0,NA,NA,NA,0.21126628521874805
4,A,een kegeltje nummer *11* um ook bij deze hoofdvorm zit een ei voorop die heeft een staaf door het ei heen aan de rechterkant wordt de staaf um afgesloten met een soort cirkeltje ,210,een kegel nummer *11 * um ook bij deze hoofdvorm zitten een ei voorop die hebben een staaf door het ei heen aan de rechterkant worden de staaf um afsluiten met een soort cirkel,DET NOUN NOUN NUM PUNCT ADJ ADV ADP DET NOUN VERB DET NOUN NOUN PRON VERB DET NOUN ADP DET NOUN ADP ADP DET NOUN AUX DET NOUN ADJ VERB ADP DET NOUN NOUN,0.24571804673358047,0.3685770701003707,0.38138503569823695,NA,NA,0.7922221173450495
4,B,ja *o* dit is de hoofdvorm dat er een yoghurtbakje links van de hoofdvorm eraan vast is geplakt bovenop is een langwerpig uh rechthoek dat staat op de hoofdvorm en dan uh rechts is een soort van klein staafje ook op een yoghurtbakje,211,ja *o* dit zijn de hoofdvorm dat er een yoghurtbak links van de hoofdvorm eraan vast zijn plakken bovenop zijn een langwerpig uh rechthoek dat staan op de hoofdvorm en dan uh rechts zijn een soort van klein staaf ook op een yoghurtbak,INTJ NOUN PRON AUX DET NOUN SCONJ ADV DET NOUN ADJ ADP DET NOUN ADV ADJ AUX VERB ADV AUX DET ADJ ADJ NOUN PRON VERB ADP DET NOUN CCONJ ADV ADV ADJ AUX DET NOUN ADP ADJ NOUN ADV ADP DET NOUN,0.39312514777163876,0.42224552908805646,0.6982293161631856,0.3846865240564102,0.05773502691896257,0.8165938760674708
4,A,ja nummer *14* um dit was die hoofdvorm waarbij er een soort van kraantje onderaan was gemaakt en ,212,ja nummer *14 * um dit zijn die hoofdvorm waarbij er een soort van kraant onderaan zijn maken en,INTJ NOUN SYM PUNCT ADJ PRON AUX DET NOUN ADV ADV DET NOUN ADP NOUN ADV AUX VERB CCONJ,0.33183182419798407,0.521450009453975,0.5851938775882468,0.21004201260420147,0.0408248290463863,0.8909605559973331
4,B,oh ja *a*,213,oh ja *a*,ADJ INTJ NOUN,0.12909944487358055,0.12909944487358055,0.1543033499620919,NA,0,0.5646938026192113
4,A,ja #laughs#,214,ja #laughs #,INTJ NOUN PUNCT,0.40824829046386296,0.40824829046386296,0.7071067811865475,0,0,0.9450405960373373
4,B,uh dit is de hoofdvorm dat uh de hoofdvorm laat maar zeggen op een soort van taartpunt staat met een schuin ja met een cirkeldraaiig ,215,uh dit zijn de hoofdvorm dat uh de hoofdvorm laten maar zeggen op een soort van taartpunt staan met een schuin ja met een cirkeldraaiig,ADV PRON AUX DET NOUN SCONJ ADV DET NOUN VERB CCONJ VERB ADP DET NOUN ADP NOUN VERB ADP DET NOUN INTJ ADP DET ADJ,0.11322770341445956,0.11322770341445956,NA,NA,NA,0.6003948109799995
4,A,ja nummer *15* uh deze hoofdvorm heeft een ei op zich liggen er staat een vierkante langwerpige staaf voor ,216,ja nummer *15 * uh deze hoofdvorm hebben een eus op zich liggen er staan een vierkant langwerpig staaf voor,INTJ NOUN SYM PUNCT ADV DET NOUN AUX DET NOUN ADP PRON VERB ADV VERB DET ADJ ADJ NOUN ADP,0.45425676257949793,0.45425676257949793,0.40865149875025547,0.140028008402801,NA,0.9210333317402472
4,B,ja *j* #laughs#,217,ja *j* #laughs #,INTJ NOUN NOUN PUNCT,0.12598815766974242,0.12598815766974242,0.1507556722888818,NA,0,0.6315536541194511
4,A,#laughs#,218,#laughs #,NOUN PUNCT,0.5773502691896258,0.5773502691896258,0,0,0,NaN
4,B,dit is de hoofdvorm dat aan de rechterkant en linkerkant maar aan de rechterkant langer een buis zit met aan de andere met aan de uiteindes een cirkelplateau en daarachter zit een vierk- staat een schuin vierkant dit is de hoofdvorm dat aan de rechterkant en linkerkant maar aan de rechterkant langer een buis zit met aan de andere met aan de uiteindes een cirkelplateau en daarachter zit een vierk- staat een schuin vierkant ,219,dit zijn de hoofdvorm dat aan de rechterkant en linkerkant maar aan de rechterkant langer een buis zitten met aan de ander met aan de uiteinde een cirkelplateau en daarachter zitten een vierk- staan een schuin vierkant dit zijn de hoofdvorm dat aan de rechterkant en linkerkant maar aan de rechterkant langer een buis zitten met aan de ander met aan de uiteinde een cirkelplateau en daarachter zitten een vierk- staan een schuin vierkant,PRON AUX DET NOUN SCONJ ADP DET NOUN CCONJ NOUN ADV ADP DET NOUN ADJ DET NOUN VERB ADP ADP DET ADJ ADP ADP DET NOUN DET NOUN CCONJ ADV VERB DET X VERB DET NOUN CCONJ PRON AUX DET NOUN SCONJ ADP DET NOUN CCONJ NOUN ADV ADP DET NOUN ADJ DET NOUN VERB ADP ADP DET ADJ ADP ADP DET NOUN DET NOUN CCONJ ADV VERB DET X VERB DET NOUN ADJ,0,0,NA,NA,NA,NaN
4,A,ja *9* um deze heeft deze hoofdvorm heeft twee van die uitsteeksels bovenaan heeft een vierkant plateau om zich en een schuine buis loopt voor uh de hoofdvorm uit ,220,ja *9* um deze hebben deze hoofdvorm hebben twee van die uitsteeksel bovenaan hebben een vierkant plateau om zich en een schuin buis lopen voor uh de hoofdvorm uit,INTJ NOUN ADJ PRON AUX DET NOUN AUX NUM ADP DET NOUN ADV AUX DET ADJ NOUN ADP PRON CCONJ DET ADJ NOUN VERB ADP ADV DET NOUN ADP,0.31453332737762696,0.331087713029081,0.535705244046664,0.16081688022566926,0.03351066437142453,0.8795398899333624
4,B,links? ja,221,links ? ja,ADJ PUNCT INTJ,0.11043152607484653,0.11043152607484653,NA,0,0,0.5879180050426088
4,A,ja links heeft hij ook nog een uh met een hoekje erin ,222,ja links hebben hij ook nog een uh met een hoek erin,INTJ ADJ AUX PRON ADV ADV DET NOUN ADP DET NOUN ADV,0.3779644730092272,0.3779644730092272,NA,NA,NA,0.6844077393132179
4,B,*p* dit is de hoofdvorm dat uh aan de voorkant het ei zit met een (staaf) ertussen en een cirkelplateau aan de zijkant en een schuine kegel bovenop ,223,*p* dit zijn de hoofdvorm dat uh aan de voorkant het eus zitten met een ( staaf ) ertus en een cirkelplateau aan de zijkant en een schuin kegel bovenop,NOUN PRON AUX DET NOUN SCONJ ADV ADP DET NOUN DET NOUN VERB ADP DET PUNCT NOUN PUNCT ADV CCONJ DET NOUN ADP DET NOUN CCONJ DET ADJ NOUN ADV,0.3223291856101521,0.3223291856101521,0.6099067328145275,0.33541019662496846,0.2,0.8072006473733095
4,A,ja nummer *16* um dit is de hoofdvorm met een vierkant plateau aan de voorkant en aan de zijkant n- twee van die vierkantjes die zo in elkaar lopen met een paddestoeltje ,224,ja nummer *16 * um dit zijn de hoofdvorm met een vierkant plateau aan de voorkant en aan de zijkant n- twee van die vierkant die zo in elkaar lopen met een paddestoeltje,INTJ NOUN SYM PUNCT ADJ PRON AUX DET NOUN ADP DET ADJ NOUN ADP DET NOUN CCONJ ADP DET NOUN X NUM ADP DET NOUN PRON ADV ADP PRON VERB ADP DET NOUN,0.6223759142641418,0.6092717958449424,0.7864368555876692,0.5330017908890261,0.18569533817705186,0.9401798392611236
4,B,um oh ja *i* dit is de hoofdvorm dat aan de rechterkant de vierkantjes kleiner worden als uitsteeksel en aan de linkerkant staat er een pyramide schuin achter komt er een pyramide in in de hoofdvorm en bovenop is ook een pyramide ,225,um oh ja *i* dit zijn de hoofdvorm dat aan de rechterkant de vierkant klein worden als uitsteeksel en aan de linkerkant staan er een pyramide schuin achter komen er een pyramide in in de hoofdvorm en bovenop zijn ook een pyramide,ADJ ADJ INTJ NOUN PRON AUX DET NOUN SCONJ ADP DET NOUN DET NOUN ADJ AUX SCONJ ADJ CCONJ ADP DET NOUN VERB ADV DET NOUN ADJ ADP VERB ADV DET NOUN ADP ADP DET NOUN CCONJ ADV AUX ADV DET NOUN,0.5882657756927263,0.5914441660464558,0.6936492126498252,0.3424747597107866,0.08700221858486124,0.9627566225054496
4,A,ja *6* uh dit is de hoofdvorm die op de p- op het plateau staat met een ronde cirkel er aan vastgeplakt en het versiersel ,226,ja *6 * uh dit zijn de hoofdvorm die op de p- op het plateau staan met een rond cirkel er aan vastgeplken en het versiersel,INTJ SYM PUNCT ADV PRON AUX DET NOUN PRON ADP DET X ADP DET NOUN VERB ADP DET ADJ NOUN ADV ADP VERB CCONJ DET NOUN,0.5035507827892952,0.5035507827892952,0.5957898833096116,0.16718346377260587,0.06659271582120269,0.9578644546673715
4,B,yes *n* uh dit is de hoofdvorm met een soort van plateau een cirkelplateau voorop um en aan de zijkant een soort van die buis met dat hol en die schuine pyramide er bo-,227,yes *n* uh dit zijn de hoofdvorm met een soort van plateau een cirkelplateau voorop um en aan de zijkant een soort van die buis met dat hol en die schuin pyramien er bo-,NOUN NOUN ADV PRON AUX DET NOUN ADP DET NOUN ADP NOUN DET NOUN ADV ADJ CCONJ ADP DET NOUN DET NOUN ADP DET NOUN ADP DET ADJ CCONJ DET NOUN VERB ADV X,0.498135481386718,0.498135481386718,0.6668650498481643,0.2464135551870271,0.06659271582120269,0.9283458670285072
4,A,ja met die punt hè?,228,ja met die punt hè ?,INTJ ADP DET NOUN NOUN PUNCT,0.24806946917841693,0.24806946917841693,0.58554004376911994,0.227429413073671,NA,0.7187502789398075
4,B,ja,229,ja,INTJ,0.44721359549995793,0.44721359549995793,0,0,0,0.8374378627294182
4,A,ja nummer *2* um deze hoofdvorm heeft bovenaan boven het midden een plateau in zich en een yoghurtbakje er op en je ziet linksachter nog een heel klein uitsteekseltje ,230,ja nummer *2* um deze hoofdvorm hebben bovenaan boven het midden een plateau in zich en een yoghurtbak er op en je zien linksachter nog een heel klein uitsteeksel,INTJ NOUN NOUN NOUN DET NOUN AUX VERB ADP DET NOUN DET NOUN ADP PRON CCONJ DET NOUN ADV ADP CCONJ PRON VERB ADJ ADV DET ADJ ADJ NOUN,0.1643989873053573,0.1643989873053573,NA,NA,NA,0.5248506010425206
4,B,yes *f* dit is de hoofdvorm dat er een yoghur- dat er #clicks# soort van feestmutsje op de hoofdv- op de hoofdvorm staat uh een kegeltje of een cirkelplateau linksonder aan de zijkant een halve kegel en voor een yoghurtbakje ,231,yes *f* dit zijn de hoofdvorm dat er een yoghur- dat er #clicks # soort van feestmuts op de hoofdv- op de hoofdvorm staan uh een kegel of een cirkelplateau linksond aan de zijkant een halve kegel en voor een yoghurtbak,NOUN NOUN PRON AUX DET NOUN SCONJ ADV DET X SCONJ ADV ADJ PUNCT NOUN ADP NOUN ADP DET X ADP DET NOUN VERB ADV DET NOUN CCONJ DET NOUN ADJ ADP DET NOUN DET ADJ NOUN CCONJ ADP DET NOUN,0.44112877325628463,0.43571594527895835,0.6253053994807224,0.1399731277389636,0.03224129401095805,0.9312892349125532
4,A,ja nummer *3* uh dit is de hoofdvorm die op een uh bevestigingsstukje staat met een ronde vorm erachter en uh links uitstekend een ,232,ja nummer *3 * uh dit zijn de hoofdvorm die op een uh bevestigingsstuk staan met een rond vorm erachter en uh links uitstekend een,INTJ NOUN SYM PUNCT ADV PRON AUX DET NOUN PRON ADP DET ADJ NOUN VERB ADP DET ADJ NOUN ADV CCONJ ADV ADJ ADJ DET,0.5590169943749475,0.5521576303742327,0.4813927390655835,0.11826247919781652,0.034279558509553054,0.8815485684938659
4,B,ja *m* dit is de hoofdvorm dat er een ei op de hoofdvorm laat maar zeggen ligt ervoor is een uh rechthoekig uitsteeksel uh en dan rechts en links uh steken er ook van die ronde staven uit met een knik erin ,233,ja *m* dit zijn de hoofdvorm dat er een eus op de hoofdvorm laten maar zeggen liggen ervoor zijn een uh rechthoekig uitsteeksel uh en dan rechts en links uh steken er ook van die ronde staven uit met een knik erin,INTJ NOUN PRON AUX DET NOUN SCONJ ADV DET NOUN ADP DET NOUN VERB CCONJ VERB VERB ADV AUX DET ADJ ADJ NOUN ADV CCONJ ADV ADJ CCONJ ADJ ADV VERB ADV ADV ADP DET ADJ NOUN ADP ADP DET NOUN ADV,0.6875,0.6666666666666666,0.66113946408189,0.30261376633440124,0.20033416898825335,0.9610271770232408
4,A,ja nummer *1* um dit is de hoofdvorm met linksonder op z'n kop een yoghurtbakje op de hoofdvorm ligt een staaf uh een langwerpige staaf en rechts van de hoofdvorm heb je een heel klein dun staafje dat rechtop staat op nog een soort van ja hoe zal ik het noemen ,234,ja nummer *1* um dit zijn de hoofdvorm met linksonder op zijn kop een yoghurtbak op de hoofdvorm liggen een staaf uh een langwerpig staaf en rechts van de hoofdvorm hebben je een heel klein dun staaf dat rechtop staan op nog een soort van ja hoe zullen ik het noemen,INTJ NOUN NOUN NOUN PRON AUX DET NOUN ADP NOUN ADP PRON NOUN DET NOUN ADP DET NOUN VERB DET NOUN ADV DET ADJ NOUN CCONJ ADJ ADP DET NOUN AUX PRON DET ADJ ADJ ADJ NOUN SCONJ NOUN VERB ADP ADV DET NOUN ADP INTJ ADV AUX PRON DET VERB,0.5899375524489636,0.5970223141259935,0.7015621858682272,0.3415059465683808,0.1386750490563073,0.9527910241892846
4,B,um,235,um,ADJ,0.10259783520851541,0.09950371902099892,0,0,0,0.3533112047528732
4,A,dus linksonder dat yoghurtbakje op z'n kop die zit aan de hoofdvorm vast,236,dus linksonder dat yoghurtbak op zijn kop die zitten aan de hoofdvorm vast,ADV ADJ SCONJ NOUN ADP PRON NOUN PRON VERB ADP DET NOUN ADJ,0,0,NA,NA,NA,0.1910939560576783
4,B,ja ja en dan?,237,ja ja en dan ?,INTJ INTJ CCONJ ADV PUNCT,0,0,NA,NA,NA,0.5078690468879685
4,A,en op de hoofdvorm ligt een langwerpige staaf of een uh ja een staaf vierkante staaf met rechts nog een heel dun rond staafje,238,en op de hoofdvorm liggen een langwerpig staaf of een uh ja een staaf vierkant staaf met rechts nog een heel dun rond staaf,CCONJ ADP DET NOUN VERB DET ADJ NOUN CCONJ DET ADV INTJ DET NOUN ADJ NOUN ADP ADJ ADV DET ADJ ADJ ADP NOUN,0.18898223650461363,0.1767766952966369,NA,NA,NA,0.6794171073026786
4,B,um ben ik nou zo verkeerd aan het kijken? sorry kan je het nog één keer ,239,um zijn ik nou zo verkeerd aan het kijken ? sorry kunnen je het nog één keer,ADJ AUX PRON ADV ADV VERB ADP DET VERB PUNCT NOUN AUX PRON PRON ADV NUM NOUN,0.0363696483726654,0.034020690871988585,0.042601432284230495,NA,NA,0.7993733548607933
4,A,ja de hoofdvorm me-,240,ja de hoofdvorm me-,INTJ DET NOUN X,0,0,NA,NA,NA,0.631446847195884
4,B,oh ja ik weet hem,241,oh ja ik weten hem,ADJ INTJ PRON VERB PRON,0.22360679774997896,0.22360679774997896,NA,NA,NA,0.822730094434017
4,A,ja?,242,ja ?,INTJ PUNCT,0.44721359549995793,0.44721359549995793,0,0,0,0.8884888355311322
4,B,*g*,243,*g*,NOUN,0,0,0,0,0,NaN
4,A,#laughs# okee,244,#laughs # okee,NOUN PUNCT NOUN,0,0,NA,0,0,NaN
4,B,ja #laughs# uh dit is de hoofdvorm dat het vierkant plateau uh in de hoofdvorm bovenop staat soort van schuin en daar komen aan de rechterkant en linkerkant van die vierkantjes die kleiner worden uit die zitten aan aan de vierkant plateau dat zo schuin erin staat vastgeplakt um het lijkt eigenlijk (meer) op de kraan,245,ja #laughs # uh dit zijn de hoofdvorm dat het vierkant plateau uh in de hoofdvorm bovenop staan soort van schuin en daar komen aan de rechterkant en linkerkant van die vierkant die klein worden uit die zitten aan aan de vierkant plateau dat zo schuin erin staan vastgeplakt um het lijkt eigenlijk ( veel ) op de kraan,INTJ NOUN PUNCT ADV PRON AUX DET NOUN SCONJ DET ADJ NOUN ADV ADP DET NOUN ADV VERB NOUN ADP NOUN CCONJ ADV VERB ADP DET NOUN CCONJ NOUN ADP DET NOUN PRON ADJ AUX ADP DET NOUN ADP ADP DET ADJ NOUN PRON ADV ADJ ADV VERB VERB ADJ PRON AUX ADJ PUNCT ADV PUNCT ADP DET NOUN,0.06804138174397716,0.06681531047810609,NA,NA,NA,0.3293882783965218
4,A,uh dat dat kraantje eronder?,246,uh dat dat kraant eronder ?,ADV SCONJ PRON NOUN ADV PUNCT,0.21821789023599236,0.21428571428571425,0.12371791482634838,NA,NA,0.7120723960999253
4,B,beetje ja kraantje eronder en dan rechts een staaf,247,beetje ja kraant eronder en dan rechts een staaf,NOUN INTJ NOUN ADV CCONJ ADV ADJ DET NOUN,0.2519763153394848,0.2519763153394848,0.17677669529663687,NA,NA,0.7295449835235253
4,A,ja een soort van neus,248,ja een soort van neus,INTJ DET NOUN ADP NOUN,0.29814239699997197,0.29814239699997197,0.17677669529663687,NA,NA,0.8726163089409928
4,B,twee van die ja,249,twee van die ja,NUM ADP PRON INTJ,0.44721359549995793,0.44721359549995793,NA,NA,NA,0.9012789618926746
4,A,okee nummer *12* uh dit is de hoofdvorm met een ei voorop um links bovenop de hoofdvorm heb je die omgedraaide kegel rechts staat er een vierkant ,250,okee nummer *12 * uh dit zijn de hoofdvorm met een eus voorop um links bovenop de hoofdvorm hebben je die omgedraaien kegel recht staan er een vierkant,NUM NOUN SYM PUNCT ADV PRON AUX DET NOUN ADP DET NOUN ADV ADJ ADJ ADV DET NOUN AUX PRON PRON VERB NOUN ADJ VERB ADV DET ADJ,0.08703882797784893,0.08703882797784893,NA,NA,NA,0.7822311194824636
4,B,#s# ja *e*,251,#s# ja *e*,NOUN INTJ NOUN,0,0,NA,NA,0,0.536097467481286
4,A,ja,252,ja,INTJ,0.5773502691896258,0.5773502691896258,0,0,0,0.9999999999999998
4,B,uh dit is de hoofdvorm dat er twee platte staven rechts uitsteken een yoghurtbakje op z'n kop staat op de hoofdvorm links v- onder staat ook een yoghurtbakje op z'n kop en linksboven is een soort van ronde staaf dat aan de hoofdvorm is vastgeplakt ,253,uh dit zijn de hoofdvorm dat er twee platte staven rechts uitsteken een yoghurtbak op zijn kop staan op de hoofdvorm links v- onder staan ook een yoghurtbak op zijn kop en linksboven zijn een soort van rond staaf dat aan de hoofdvorm zijn vastgeplakt,ADV PRON AUX DET NOUN SCONJ ADV NUM ADJ NOUN ADJ VERB DET NOUN ADP PRON NOUN VERB ADP DET NOUN ADJ SYM ADP NOUN ADV DET NOUN ADP PRON NOUN CCONJ VERB AUX DET NOUN ADP NOUN VERB SCONJ ADP DET NOUN AUX ADJ,0,0,NA,NA,NA,0.4387666764543337
4,A,ja nummer *15* uh hier heb je weer dat dat hoofdvorm dat op een soort ronddraaiend figuur staat op die pizzapunt of die taartpunt ,254,ja nummer *15 * uh hier hebben je weer dat dat hoofdvorm dat op een soort ronddraaien figuur staan op die pizzapunt of die taartpunt,INTJ NOUN SYM PUNCT ADV ADV AUX PRON ADV SCONJ PRON NOUN SCONJ ADP DET NOUN NOUN NOUN VERB ADP DET NOUN CCONJ DET NOUN,0.4092359324923785,0.38308694765063317,0.5386421785549059,0.1892583246525563,0.09652341781316803,0.911363403374877
4,B,oh ja um *a* uh dit is de hoofdvorm dat het vierkant plateau met een soort van uh pootjes uh helemaal bovenop ja het hoofdvorm staat laten we maar zeggen in dat vierkant plateau en er staat van die tafelpootjes zitten eraan vast en een yoghurtbakje bovenop ,255,oh ja um *a* uh dit zijn de hoofdvorm dat het vierkant plateau met een soort van uh poo uh helemaal bovenop ja het hoofdvorm staan laten we maar zeggen in dat vierkant plateau en er staan van die tafelpoo zitten eraan vast en een yoghurtbak bovenop,ADJ INTJ NOUN NOUN ADV PRON AUX DET NOUN SCONJ DET ADJ NOUN ADP DET NOUN ADP ADV NOUN ADV ADV ADV INTJ DET NOUN VERB VERB PRON ADV VERB ADP DET ADJ NOUN CCONJ ADV VERB ADP DET NOUN VERB ADV ADJ CCONJ DET NOUN ADV,0.39605901719066966,0.39605901719066966,0.6170609073445336,0.1926686588971131,0.03217447260438935,0.9313664824697293
4,A,hm hm oh ja um even zoeken hoor ik kan hem niet vinden #laughs#,256,hm hm oh ja um even zoeken horen ik kunnen hem niet vinden #laughs #,ADV ADV ADJ INTJ NOUN ADV VERB INTJ PRON AUX PRON ADV VERB NOUN PUNCT,0.11547005383792514,0.11547005383792514,0.3768673314407159,0.07784989441615231,NA,0.7986409381033728
4,B,weet je wel welke ik bedoel?,257,weten je wel welk ik bedoelen ?,VERB PRON ADV PRON PRON VERB PUNCT,0.10206207261596577,0.10206207261596577,0.11547005383792514,NA,NA,0.746995568260841
4,A,ja #laughs#,258,ja #laughs #,INTJ NOUN PUNCT,0,0,NA,0,0,0.5937592016849664
4,B,okee #laughs#,259,okee #laughs #,NUM NOUN PUNCT,0.4999999999999999,0.4999999999999999,NA,0,0,0.46749612897199855
4,A,oh ja ja nummer *3* uh dit is de hoofdvorm met een ei en daar een uh e- een ei voorop en daar een vierkante staaf doorheen met aan de uiteinden zo'n rond dingetje ,260,oh ja ja nummer *3 * uh dit zijn de hoofdvorm met een eus en daar een uh e- een eus voorop en daar een vierkant staaf doorheen met aan de uiteind zo'n rond dingen,ADJ INTJ INTJ NOUN SYM PUNCT ADV PRON AUX DET NOUN ADP DET NOUN CCONJ ADV DET ADJ NOUN DET NOUN ADV CCONJ ADV DET ADJ NOUN VERB ADP ADP DET NOUN PRON ADP NOUN,0,0,NA,NA,NA,0.4095885452729265
4,B,oh ja *b* #laughs# gaat lekker joh #laughs#,261,oh ja *b* #laughs # gaan lekker joh #laughs #,ADJ INTJ NOUN NOUN PUNCT VERB ADJ ADJ NOUN PUNCT,0.12247448713915889,0.12247448713915889,0.25482359571881275,NA,NA,0.7400494222475882
4,A,ja #laughs#,262,ja #laughs #,INTJ NOUN PUNCT,0.6708203932499369,0.6708203932499369,0.3779644730092272,0,0,0.9058800311965014
4,B,uh dit is de hoofdvorm met een ei voorop een schuine kegel bovenop uh met een s- uh staaf naast die schuine kegel,263,uh dit zijn de hoofdvorm met een eus voorop een schuin kegel bovenop uh met een s- uh staaf naast die schuin kegel,ADV PRON AUX DET NOUN ADP DET NOUN ADV DET ADJ NOUN ADV ADV ADP DET X NOUN VERB ADP DET ADJ NOUN,0,0,NA,NA,NA,0.5679532845137304
4,A,ja nummer *15* uh dit is weer de hoofdvorm met uh aan beide kanten iets uitstekends ronds uitstekends met dopjes erop en links achter de hoofdvorm heb je een vierkant plateautje met een uitsteeksel ,264,ja nummer *15 * uh dit zijn weer de hoofdvorm met uh aan beide kant iets uitstekend rond uitstekend met dop erop en links achter de hoofdvorm hebben je een vierkant plateau met een uitsteeksel,INTJ NOUN SYM PUNCT ADV PRON AUX ADV DET NOUN ADP ADV ADP DET NOUN PRON NOUN ADJ NOUN ADP NOUN ADV CCONJ ADJ ADP DET NOUN AUX PRON DET ADJ NOUN ADP DET NOUN,0.5300713251592634,0.5300713251592634,0.694340858564394,0.29672121302810417,0.04016096644512494,0.8883635567449593
4,B,vierkant *k* uh dit is de hoofdvorm dat uh op een plateautje staat waarbij een platte cirkel erachter sta- achter aan de hoofdvorm vastzit bovenop de b- uh hoofdvorm staat een schuine kegel rechts en links een uitsteeksel ,265,vierkant *k* uh dit zijn de hoofdvorm dat uh op een plateau staan waarbij een plat cirkel erachter sta- achter aan de hoofdvorm vastzit bovenop de b- uh hoofdvorm staan een schuin kegel rechts en links een uitsteeksel,ADJ NOUN ADV PRON AUX DET NOUN SCONJ ADV ADP DET NOUN VERB ADV DET ADJ NOUN ADV X ADP ADP DET NOUN ADV ADV DET X ADV NOUN VERB DET ADJ NOUN ADJ CCONJ ADJ DET NOUN,0.5916079783099616,0.5916079783099616,0.6269161244293499,0.24397501823713327,0.030358837035945812,0.952160650126206
4,A,ja nummer *4* dit is de hoofdvorm met het yoghurtbakje erop op z'n kop linksvoor heb je ook een yoghurtbakje en hij heeft twee uitsteeksels aan de rechterkant ,266,ja nummer *4* dit zijn de hoofdvorm met het yoghurtbak erop op zijn kop linksvoor hebben je ook een yoghurtbak en hij hebben twee uitsteeksel aan de rechterkant,INTJ NOUN NOUN PRON AUX DET NOUN ADP DET NOUN ADV ADP PRON NOUN NOUN AUX PRON ADV DET NOUN CCONJ PRON VERB NUM NOUN ADP DET NOUN,0.3803194146278325,0.3984095364447979,0.5024897752542877,0.19720265943665385,0.06506000486323554,0.8951382490014863
4,B,ja *l* uh dit is de hoofdvorm waarbij een platte cirkel voorop is twee van die gekke uitsteeksels bovenop links en rechts en hij staat op een vierkant plateau en als het ware twee kraantjes ernaast soort van twee en dan dat cirkelplatform is dus echt tegen de hoofdvorm aan ,267,ja *l* uh dit zijn de hoofdvorm waarbij een plat cirkelen voorop zijn twee van die gek uitsteeksel bovenop links en rechts en hij staan op een vierkant plateau en als het zijn twee kraan ernaast soort van twee en dan dat cirkelplatform zijn dus echt tegen de hoofdvorm aan,INTJ NOUN ADV PRON AUX DET NOUN ADV DET ADJ NOUN ADV AUX NUM ADP DET ADJ NOUN ADV ADJ CCONJ ADJ CCONJ PRON VERB ADP DET ADJ NOUN CCONJ SCONJ PRON VERB NUM NOUN ADV NOUN ADP NUM CCONJ SCONJ PRON NOUN AUX ADV ADJ ADP DET NOUN ADP,0.4880430059018939,0.5330017908890261,0.5191598527383156,0.21213203435596426,0.053896805563629545,0.9671987799604951
4,A,uh even kijken hoor,268,uh even kijken hoor,ADV ADV VERB INTJ,0.05521576303742327,0.053300179088902604,NA,NA,NA,0.5369595299698668
4,B,dus je hebt de hoofdvorm cirkelplateau er vast tegenaan daar bovenop zijn um rechts en links van die ja gekke,269,dus je hebben de hoofdvorm cirkelplateau er vast tegenaan daar bovenop zijn um rechts en links van die ja gek,ADV PRON VERB DET NOUN ADV ADV ADJ ADP ADV ADV PRON NOUN ADJ CCONJ ADJ ADP PRON INTJ SYM,0,0,0.23094010767585033,NA,NA,0.6038027564943832
4,A,ja oh van die versiersels ,270,ja oh van die versiersel,INTJ NOUN ADP DET NOUN,0.29999999999999993,0.29999999999999993,0.1,NA,NA,0.7656550476166063
4,B,ja van die ja,271,ja van die ja,INTJ ADP PRON INTJ,0.7302967433402214,0.7302967433402214,NA,NA,NA,0.9539629553412374
4,A,ja nummer *2* um dit is de hoofdvorm met die ronde staaf aan de linkerkant die uitgesneden is met die punt erin ,272,ja nummer *2* um dit zijn de hoofdvorm met die ronde staeven aan de linkerkant die uitsnijden zijn met die punt erin,INTJ NOUN NOUN NOUN PRON AUX DET NOUN ADP DET NOUN VERB ADP DET NOUN PRON VERB AUX ADP DET NOUN ADV,0.35007002100700246,0.35007002100700246,NA,NA,NA,0.7173568502574996
4,B,oh ja um je bedoelt met die schuine punt zo naar beneden? ,273,oh ja um je bedoelen met die schuin punt zo naar beneden ?,ADJ INTJ NOUN PRON VERB ADP DET ADJ NOUN ADV ADP ADP PUNCT,0.39605901719066977,0.39605901719066977,0.4138204408845326,0.12403473458920847,NA,0.8232263259476971
4,A,ja,274,ja,INTJ,0.2886751345948129,0.2886751345948129,0,0,0,0.7634396760372377
4,B,*h* dit is de hoofdvorm waarbij aan de voorkant een vierkant plateau aan de hoofdvorm vastzit met een soort van paddestoel erbovenop en twee,275,*h* dit zijn de hoofdvorm waarbij aan de voorkant een vierkant plateau aan de hoofdvorm vastzit met een soort van paddestoel erbovenop en twee,NOUN PRON AUX DET NOUN ADV ADP DET NOUN DET ADJ NOUN ADP DET NOUN VERB ADP DET NOUN ADP NOUN ADV CCONJ NUM,0,0,NA,NA,NA,0.2839687637901617
4,A,ja nummer *8* dit is de hoofdvorm met het kraantje eronder ,276,ja nummer *8 * dit zijn de hoofdvorm met het kraant eronder,INTJ NOUN SYM PUNCT PRON AUX DET NOUN ADP DET NOUN ADV,0.40201512610368484,0.40201512610368484,0.7315635209502899,0.5039526306789696,0.1543033499620919,0.8700974249171666
4,B,oh ja (?) *c* dit is de hoofdvorm waarbij het vierkant plateau onderaan door de hoofdvorm heen zit of de hoofdvorm zit door het vierkant plateau heen met uh twee kleine staafjes erbovenop ,277,oh ja ( ? ) *c* dit zijn de hoofdvorm waarbij het vierkant plateau onderaan door de hoofdvorm heen zitten of de hoofdvorm zitten door het vierkant plateau heen met uh twee klein staaf erbovenop,ADJ INTJ PUNCT PUNCT PUNCT NOUN PRON AUX DET NOUN ADV DET ADJ NOUN VERB ADP DET NOUN ADP VERB SCONJ DET NOUN VERB ADP DET ADJ NOUN ADP ADP ADV NUM ADJ NOUN ADV,0.48349377841522817,0.48349377841522817,0.5838742081211423,0.2777777777777778,0.06350006350009525,0.9426088413128023
4,A,ja? ja nummer *10* uh dit is de hoofdvorm met een ei dat er op ligt een vierkante staaf die ervoor staat,278,ja ? ja nummer *10 * uh dit zijn de hoofdvorm met een eus dat er op liggen een vierkant staaf die ervoor staan,INTJ PUNCT INTJ NOUN SYM PUNCT ADV PRON AUX DET NOUN ADP DET NOUN PRON ADV ADP VERB DET ADJ NOUN PRON ADV VERB,0.3144854510165755,0.3931068137707194,0.5449492609130661,0.21320071635561044,0.04120428217151646,0.9357056508049948
4,B,yes *p* dit is de hoofdvorm waarbij een yoghurtbakje links aan de hoofdvorm vastzit soort van klein staafje rechts en dan bovenop een rechthoekige staaf,279,yes *p* dit zijn de hoofdvorm waarbij een yoghurtbak links aan de hoofdvorm vastzit soort van klein staaf rechts en dan bovenop een rechthoekig staaf,NOUN NOUN PRON AUX DET NOUN ADV DET NOUN ADJ ADP DET NOUN ADJ NOUN ADP ADJ NOUN ADJ CCONJ ADV ADV DET ADJ NOUN,0.38745847452199084,0.4096732451993514,0.46420708254852755,0.17056057308448833,0.04891159880445184,0.8377760883054901
4,A,even kijken hoor u- het yoghurtbakje was?,280,even kijken hoor u- het yoghurtbak zijn ?,ADV VERB INTJ X DET NOUN AUX PUNCT,0.06788442333021306,0.1315903389919538,0.18463723646899913,NA,NA,0.645207607132115
4,B,ja yoghurtbakje op de kop links van de hoofdvorm zit er aan vastgeplakt een rechthoekige staaf bovenop de hoofdvorm en rechts uh van de hoofdvorm zit zo'n klein staafje op ook een yoghurtbakje op z'n kop of een vierkant plateau ik kan niet zo goed zien wat het is ,281,ja yoghurtbak op de kop links van de hoofdvorm zitten er aan vastgeplken een rechthoekig staaf bovenop de hoofdvorm en rechts uh van de hoofdvorm zitten zo'n klein staaf op ook een yoghurtbak op zijn kop of een vierkant plateau ik kunnen niet zo goed zien wat het zijn,INTJ NOUN ADP DET NOUN ADJ ADP DET NOUN VERB ADV ADP VERB DET ADJ NOUN ADP DET NOUN CCONJ ADJ ADV ADP DET NOUN VERB DET ADJ NOUN ADP ADV DET NOUN ADP PRON NOUN CCONJ DET ADJ NOUN PRON AUX ADV ADV ADJ VERB PRON PRON AUX,0.12156613477096616,0.19810721293758182,0.19117977822546817,NA,NA,0.6525740365471834
4,A,oh ja yoghurtbakje zit linksonder ,282,oh ja yoghurtbak zitten linksond,ADJ INTJ NOUN VERB ADJ,0.23973165074269204,0.2344036154692477,0.1404878717372541,NA,NA,0.591172734314379
4,B,ja,283,ja,INTJ,0.44721359549995793,0.44721359549995793,0,0,0,0.9208132560257303
4,A,en de staaf ligt zo er op hè,284,en de staaf liggen zo er op hè,CCONJ DET NOUN VERB ADV PRON ADP NOUN,0,0,NA,NA,NA,0.623129446268103
4,B,ja,285,ja,INTJ,0,0,0,0,0,0.623129446268103
4,A,ja nummer *7* um dit is de hoofdvorm met aan de rechterkant die vierkantjes die zo ineen lopen en je hebt twee kegels ,286,ja nummer *7 * um dit zijn de hoofdvorm met aan de rechterkant die vierkant die zo ineen lopen en je hebben twee kegel,INTJ NOUN SYM PUNCT ADJ PRON AUX DET NOUN ADP ADP DET NOUN PRON NOUN PRON ADV ADV VERB CCONJ PRON VERB NUM NOUN,0.19245008972987526,0.19245008972987526,NA,NA,NA,0.5727436927260576
4,B,ja,287,ja,INTJ,0.19245008972987526,0.19245008972987526,0,0,0,0.5727436927260576
4,A,ja,288,ja,INTJ,1,1,0,0,0,0.9999999999999998
4,B,*f*,289,*f*,NOUN,0,0,0,0,0,NaN
4,A,en nog een uitsteeksel,290,en nog een uitsteeksel,CCONJ ADV DET NOUN,0,0,NA,NA,NA,NaN
4,B,uh dit is de hoofdvorm waarbij dus het plateau op een soort van taartpunt staat met een schuin- uh schuine verbinding ,291,uh dit zijn de hoofdvorm waarbij dus het plateau op een soort van taartpunt staan met een schuin- uh schuine verbinding,ADV PRON AUX DET NOUN ADV ADV DET NOUN ADP DET NOUN ADP NOUN VERB ADP DET X ADV ADJ NOUN,0.2,0.2,0.4216370213557839,0.1543033499620919,NA,0.7954395632045261
4,A,ja nummer *12* uh deze hoofdvorm heeft een yoghurtbakje erop geplakt rechtsvoor en heeft een feestmutsje op,292,ja nummer *12 * uh deze hoofdvorm hebben een yoghurtbak erop plakken rechtsvoor en hebben een feestmuts op,INTJ NOUN SYM PUNCT ADV DET NOUN AUX DET NOUN ADV VERB ADP CCONJ VERB DET NOUN ADP,0.3491486243775878,0.3491486243775878,0.5838742081211422,0.2817180849095055,0.06299407883487121,0.9254834667466643
4,B,oh ja,293,oh ja,ADJ INTJ,0.1543033499620919,0.1543033499620919,NA,0,0,0.6721523383102229
4,A,linksvoor en een cirkeltje ,294,linksvoor en een cirkeltje,NOUN CCONJ DET NOUN,0,0,NA,NA,NA,0.3730620250383989
4,B,*n* uh dit is de hoofdvorm waarbij er twee schuine buizen zijn aan de rechter en lich- uh linkerkant met een cirkelpl- uh plateau dat het afsluit en dan achter staat een schuin vierkant ,295,*n * uh dit zijn de hoofdvorm waarbij er twee schuin buizen zijn aan de rechter en lich- uh linkerkant met een cirkelpl- uh plateau dat het afsluit en dan achter staan een schuin vierkant,NOUN PUNCT ADV PRON AUX DET NOUN ADV ADV NUM ADJ NOUN AUX ADP DET NOUN CCONJ X ADV ADJ ADP DET X ADV NOUN SCONJ DET NOUN CCONJ ADV ADP NOUN DET NOUN ADJ,0.29488391230979427,0.282842712474619,0.47583095143088655,NA,NA,0.8143744254106697
4,A,even kijken hoor nog een keer?,296,even kijken horen nog een keer ?,ADV VERB VERB ADV DET NOUN PUNCT,0.1203858530857692,0.11547005383792516,0.24571804673358047,NA,NA,0.6468549392205789
4,B,nou rechts en links waarbij het rechts langer is zijn twee holle buizen met een cirkelplateau dat het afsluit ,297,nou rechts en links waarbij het recht langer zijn zijn twee hol buis met een cirkelplateau dat het afsluiten,ADV ADJ CCONJ ADJ ADV DET ADJ ADJ AUX AUX NUM ADJ NOUN ADP DET NOUN SCONJ DET NOUN,0.08512565307587487,0.08512565307587487,0.29999999999999993,NA,NA,0.8022772406784059
4,A,oh ja ja ja nummer *5* uh deze hoofdvorm heeft een ei voorop en die kegel op z'n kop links op de hoofdvorm,298,oh ja ja ja nummer *5 * uh deze hoofdvorm hebben een eus voorpen en die kegel op zijn kop links op de hoofdvorm,ADJ INTJ INTJ INTJ NOUN SYM PUNCT ADV DET NOUN VERB DET NOUN ADV CCONJ DET NOUN ADP PRON NOUN ADJ ADP DET NOUN,0.10889310129609417,0.18148850216015694,0.40994579587496144,0.05292561240249631,NA,0.6452567169969056
4,B,ja *h* deze hoofdvorm is het kraantje #laughs#,299,ja *h* deze hoofdvorm zijn het kraant #laughs #,INTJ NOUN DET NOUN AUX DET NOUN NOUN PUNCT,0.3692744729379982,0.43082021842766455,0.5,NA,NA,0.8549216490515735
4,A,ja even zoeken #?# nummer *3* uh deze hoofdvorm heeft bovenin een plateau die er omheen dus zit en op dat plateau staat een yoghurtbakje met twee tafelpootjes ,300,ja even zoeken # ? # nummer *3* uh deze hoofdvorm hebben bovenin een plateau die er omheen dus zitten en op dat plateau staan een yoghurtbak met twee tafelpoo,INTJ ADV VERB PUNCT PUNCT PUNCT NOUN NOUN ADV DET NOUN VERB ADV DET NOUN PRON ADV ADP ADV VERB CCONJ ADP DET NOUN VERB DET NOUN ADP NUM NOUN,0.19050019050028574,0.19050019050028574,0.45226701686664544,NA,NA,0.8389485206319556
4,B,yes uh *a* dit is de hoofdvorm met twee platte staven rechts uh aan de zijkant die uitsteken en yoghurbakje op z'n kop er bovenop ,301,yes uh *a* dit zijn de hoofdvorm met twee platte staven rechts uh aan de zijkant die uitstek en yoghurbak op zijn kop er bovenop,NOUN ADV NOUN PRON AUX DET NOUN ADP NUM ADJ NOUN ADJ ADV ADP DET NOUN PRON VERB CCONJ NOUN ADP PRON NOUN ADV ADV,0.30016680568428156,0.2903225806451613,0.47970161180012344,0.15488061853247329,0.04351941398892446,0.9098556802300322
4,A,ja nummer *8* uh dit is het pizzapuntje of het taartpuntje ,302,ja nummer *8 * uh dit zijn het pizzapun of het taartpun,INTJ NOUN NUM PUNCT ADV PRON AUX DET NOUN CCONJ DET NOUN,0.20601048104984193,0.249067740693359,0.30618621784789724,0.13900960937138318,0.0753778361444409,0.8648516317695977
4,B,okee uh *g* dit is de hoofdvorm met het ei bovenop een uh rechthoekige staaf aan de voorkant en links en rechts zijn ook twee staafjes met aan de ene kant een knik,303,okee uh *g* dit zijn de hoofdvorm met het eus bovenop een uh rechthoekig staaf aan de voorkant en links en rechts zijn ook twee staaf met aan de een kant een knik,ADV ADV NOUN PRON AUX DET NOUN ADP DET NOUN ADV DET ADV ADJ NOUN ADP DET NOUN CCONJ ADJ CCONJ ADJ AUX ADV NUM NOUN ADP ADP DET PRON NOUN DET NOUN,0.2377286555250982,0.25715142542972574,0.41695392396839687,0.1690308509457033,0.062499999999999986,0.8212062214899136
4,A,ja nummer *13* uh dit is de versiersels de hoofdvorm met de versiersels ,304,ja nummer *13 * uh dit zijn de versiersel de hoofdvorm met de versiersel,INTJ NOUN SYM PUNCT ADV PRON AUX DET NOUN DET NOUN ADP DET NOUN,0.4987837491108398,0.49136231606366804,0.6499336836196816,0.40771775315010045,0.22360679774997896,0.8826540743325254
4,B,de *c* #laughs# de *c* #laughs#,305,de *c* #laughs# de *c* #laughs #,DET NOUN NOUN DET NOUN NOUN PUNCT,0.41403933560541256,0.41403933560541256,0.5499719409228703,0.12309149097933275,NA,0.823568151085977
4,A,#laughs#,306,#laughs #,NOUN PUNCT,0.31622776601683794,0.31622776601683794,0,0,0,NaN
4,B,uh dit is de hoofdvorm met um het feesthoedje bovenop ,307,uh dit zijn de hoofdvorm met um het feesthoedje bovenop,ADV PRON AUX DET NOUN ADP NOUN DET NOUN ADV,0,0,NA,NA,NA,NaN
4,A,okee nummer *14* uh dit is de hoofdvorm die op dat plateautje staat of tenminste zo'n heel klein plateautje met een cirkel er aan vastgeplakt aan de achterkant ,308,okee nummer *14 * uh dit zijn de hoofdvorm die op dat plateau staan of tenminste zo'n heel klein plateau met een cirkel er aan vastgeplken aan de achterkant,NUM NOUN SYM PUNCT ADV PRON AUX DET NOUN PRON ADP DET NOUN VERB CCONJ ADV DET ADJ ADJ NOUN ADP DET NOUN ADV ADP VERB ADP DET NOUN,0.37962830118264823,0.37962830118264823,0.5843065474681431,0.24999999999999994,0.15118578920369088,0.8548547423883911
4,B,yes *j* dit is de hoofdvorm met eigenlijk een soort van een zuignap dus dat ei voorop met een staaf er doorheen en een cirkelplateau aan het uiteinde van de staaf,309,yes *j* dit zijn de hoofdvorm met eigenlijk een soort van een zuignap dus dat ei voorop met een staaf er doorheen en een cirkelplateau aan het uiteinen van de staaf,NOUN NOUN PRON AUX DET NOUN ADP ADJ DET NOUN ADP DET NOUN ADV DET NOUN ADV ADP DET NOUN ADV VERB CCONJ DET NOUN ADP DET NOUN ADP DET NOUN,0.40824829046386296,0.40824829046386296,0.7889320586105297,0.4604554601361904,0.2160246899469287,0.9344752733795167
4,A,ja nummer *10* uh deze hoofdvorm heeft aan de linkerkant die vierkantjes die zo ineen lopen en voorop zit een vierkant plateau geplakt met een oh ja met het paddestoeltje ,310,ja nummer *10 * uh deze hoofdvorm hebben aan de linkerkant die vierkan die zo ineen lopen en voorop zitten een vierkant plateau plakken met een oh ja met het paddestoeltje,INTJ NOUN SYM PUNCT ADV DET NOUN AUX ADP DET NOUN PRON NOUN PRON ADV ADV VERB CCONJ ADV VERB DET ADJ NOUN VERB ADP DET ADJ NOUN ADP DET NOUN,0.4315953079030419,0.4315953079030419,0.6101418254388847,0.2850438562747845,0.0890870806374748,0.8614500194581954
4,B,oh ja *i* um dit is de hoofdvorm dat er een vierkant dat bovenop uh en links en achter van die kegels staan op z'n kop en dat er een vierkantje- ja die vierkantjes die daar zo ineen rechts in die hoofdvorm aan vastgeplakt zitten ,311,oh ja *i* um dit zijn de hoofdvorm dat er een vierkant dat bovenop uh en links en acht van die kegel staan op zijn kop en dat er een vierkantje- ja die vierkan die daar zo ineen rechts in die hoofdvorm aan vastgeplken zitten,ADJ INTJ NOUN ADJ PRON AUX DET NOUN SCONJ ADV DET NOUN PRON ADV ADJ CCONJ ADJ CCONJ ADP ADP DET NOUN VERB ADP PRON NOUN CCONJ SCONJ ADV DET X INTJ PRON NOUN PRON ADV ADV ADV ADJ ADP DET NOUN ADP VERB VERB,0.5361185533187384,0.5475400745557385,0.5646313881842652,0.27779194975185795,0.059391387091649865,0.9594850330639573
4,A,ja nummer *11* uh dit is het de hoofdvorm met daarop een uh langwerpig vierkantje met linksonder het yoghurtbakje op z'n kop en rechtsonder had je nog dat hele dunne staafje ,312,ja nummer *11 * uh dit zijn het de hoofdvorm met daarop een uh langwerpig vierkant met linksonder het yoghurtbak op zijn kop en rechtsonder hebben je nog dat heel dun staaf,INTJ NOUN SYM PUNCT ADV PRON AUX PRON DET NOUN ADP ADV DET ADV ADJ NOUN ADP NOUN DET NOUN ADP PRON NOUN CCONJ NOUN AUX PRON ADV SCONJ ADJ ADJ NOUN,0.37470006725398436,0.41436397142056747,0.41256020191715076,0.10263160115815709,0.029160592175990215,0.9528859813223515
4,B,um even kijken waar zie ik hem,313,um even kijken waar zien ik hem,ADJ ADV VERB ADV VERB PRON PRON,0,0,NA,NA,NA,0.7175918682158812
4,A,dus je m-,314,dus je m-,ADV PRON X,0,0,NA,NA,0,0.6391483335857018
4,B,ja,315,ja,INTJ,0,0,0,0,0,0.5664661058894133
4,A,ja,316,ja,INTJ,1,1,0,0,0,0.9999999999999998
4,B,*d* dit is de hoofdvorm met eigenlijk aan de linkerkant die soort van holle buis met die pyramide die er dan zo schuin in steekt uh en dan dat cirkelplateautje aan de rechterkant ,317,*d* dit zijn de hoofdvorm met eigenlijk aan de linkerkant die soort van hol buis met die pyramide die er dan zo schuin in steken uh en dan dat cirkelplateau aan de rechterkant,NOUN PRON AUX DET NOUN ADP ADJ ADP DET NOUN PRON NOUN ADP ADJ NOUN ADP DET NOUN PRON ADV ADV ADV ADJ ADP VERB ADV CCONJ SCONJ DET NOUN ADP DET NOUN,0,0,NA,NA,NA,0.44981821684167195
4,A,ja waar je iets op kan zetten hè?,318,ja waar je iets op kunnen zetten hè ?,INTJ ADV PRON PRON ADP AUX VERB NOUN PUNCT,0,0,NA,NA,NA,0.7798867174063234
4,B,ja,319,ja,INTJ,0.35355339059327373,0.35355339059327373,0,0,0,0.7718691149258625
4,A,nummer *2* uh deze hoofdvorm heeft #clicks# die is ingebouwd in dat in een vierkant plateau heeft twee uitsteekseltjes bovenop en uh links heeft hij nog een vier- ja een uh,320,nummer *2* uh deze hoofdvorm hebben #clicks # die zijn inbouwen in dat in een vierkant plateau hebben twee uitsteeksel bovenop en uh links hebben hij nog een vier- ja een uh,NOUN NOUN ADV DET NOUN VERB ADP PUNCT PRON AUX VERB ADP SCONJ ADP DET ADJ NOUN VERB NUM NOUN ADV CCONJ ADV ADJ AUX PRON ADV DET X INTJ DET NOUN,0.14002800840280097,0.14002800840280097,NA,NA,NA,0.6558385883256505
4,B,ja *n*,321,ja *n*,INTJ NOUN,0.09901475429766741,0.09901475429766741,NA,0,0,0.6558385883256505
